Time (Sec);S52;S64;S63;S62;S65;S53;S54;S82;S76;S71;S78;S79;S84;S70;S77;S83;S51;S69;S67;S66;S68;S72;S81;S75;S50;S74;S80;S73;
0.0;100.0;100.0;100.0;100.0;100.0;100.0;100.0;100.0;100.0;100.0;100.0;100.0;100.0;100.0;100.0;100.0;100.0;100.0;100.0;100.0;100.0;100.0;100.0;100.0;19160.0;100.0;100.0;100.0;
0.1;99.53413119999998;99.53413119999998;99.53413119999998;99.53413119999998;99.53413119999998;99.53413119999998;99.53413119999998;99.53413119999998;99.53413119999998;99.53413119999998;99.53413119999998;99.53413119999998;99.53413119999998;99.53413119999998;99.53413119999998;99.53413119999998;99.53413119999998;99.53413119999998;99.53413119999998;99.53413119999998;99.53413119999998;99.53413119999998;99.53413119999998;99.53413119999998;19160.0;99.53413119999998;99.53413119999998;99.53413119999998;
0.2;97.1618327999998;97.1618327999998;97.1618327999998;97.29362159999981;97.29362159999981;97.2277271999998;97.2277271999998;97.42541039999982;97.35951599999981;97.29362159999981;97.42541039999982;97.49130479999982;97.42541039999982;97.42541039999982;97.35951599999981;97.29362159999981;97.29362159999981;97.2277271999998;97.29362159999981;97.1618327999998;97.29362159999981;97.1618327999998;97.29362159999981;97.29362159999981;19160.0;97.35951599999981;97.42541039999982;97.35951599999981;
0.30206133333333296;95.11900639999965;95.11900639999965;95.11900639999965;95.25079519999966;95.25079519999966;95.18490079999965;95.18490079999965;95.38258399999967;95.31668959999966;95.25079519999966;95.38258399999967;95.44847839999967;95.38258399999967;95.38258399999967;95.31668959999966;95.25079519999966;95.25079519999966;95.18490079999965;95.25079519999966;95.11900639999965;95.25079519999966;95.11900639999965;95.25079519999966;95.25079519999966;19160.0;95.31668959999966;95.38258399999967;95.31668959999966;
0.4020613333333321;93.1420743999995;93.1420743999995;93.1420743999995;93.27386319999951;93.27386319999951;93.2079687999995;93.2079687999995;93.40565199999952;93.33975759999952;93.27386319999951;93.40565199999952;93.47154639999953;93.40565199999952;93.40565199999952;93.33975759999952;93.27386319999951;93.27386319999951;93.2079687999995;93.27386319999951;93.1420743999995;93.27386319999951;93.1420743999995;93.27386319999951;93.27386319999951;19160.0;93.33975759999952;93.40565199999952;93.33975759999952;
0.5020613333333321;91.16514239999935;91.16514239999935;91.16514239999935;91.29693119999936;91.29693119999936;91.23103679999936;91.23103679999936;91.42871999999937;91.36282559999937;91.29693119999936;91.42871999999937;91.49461439999938;91.42871999999937;91.42871999999937;91.36282559999937;91.29693119999936;91.29693119999936;91.23103679999936;91.29693119999936;91.16514239999935;91.29693119999936;91.16514239999935;91.29693119999936;91.29693119999936;19160.0;91.36282559999937;91.42871999999937;91.36282559999937;
0.600000000000001;89.25410479999921;89.25410479999921;89.25410479999921;89.38589359999922;89.38589359999922;89.31999919999922;89.31999919999922;89.51768239999923;89.45178799999923;89.38589359999922;89.51768239999923;89.58357679999924;89.51768239999923;89.51768239999923;89.45178799999923;89.38589359999922;89.38589359999922;89.31999919999922;89.38589359999922;89.25410479999921;89.38589359999922;89.25410479999921;89.38589359999922;89.38589359999922;19160.0;89.45178799999923;89.51768239999923;89.45178799999923;
0.7000000000000028;87.27717279999906;87.27717279999906;87.27717279999906;87.40896159999907;87.40896159999907;87.34306719999907;87.34306719999907;87.54075039999908;87.47485599999908;87.40896159999907;87.54075039999908;87.60664479999909;87.54075039999908;87.54075039999908;87.47485599999908;87.40896159999907;87.40896159999907;87.34306719999907;87.40896159999907;87.27717279999906;87.40896159999907;87.27717279999906;87.40896159999907;87.40896159999907;19160.0;87.47485599999908;87.54075039999908;87.47485599999908;
0.8000000000000038;85.30024079999892;85.30024079999892;85.30024079999892;85.43202959999893;85.43202959999893;85.36613519999892;85.36613519999892;85.56381839999894;85.49792399999893;85.43202959999893;85.56381839999894;85.62971279999894;85.56381839999894;85.56381839999894;85.49792399999893;85.43202959999893;85.43202959999893;85.36613519999892;85.43202959999893;85.30024079999892;85.43202959999893;85.30024079999892;85.43202959999893;85.43202959999893;19160.0;85.49792399999893;85.56381839999894;85.49792399999893;
0.9000000000000061;83.32330879999877;83.32330879999877;83.32330879999877;83.45509759999878;83.45509759999878;83.38920319999878;83.38920319999878;83.58688639999879;83.52099199999878;83.45509759999878;83.58688639999879;83.6527807999988;83.58688639999879;83.58688639999879;83.52099199999878;83.45509759999878;83.45509759999878;83.38920319999878;83.45509759999878;83.32330879999877;83.45509759999878;83.32330879999877;83.45509759999878;83.45509759999878;19160.0;83.52099199999878;83.58688639999879;83.52099199999878;
1.0000000000000067;81.34637679999862;81.34637679999862;81.34637679999862;81.47816559999863;81.47816559999863;81.41227119999863;81.41227119999863;81.60995439999864;81.54405999999864;81.47816559999863;81.60995439999864;81.67584879999865;81.60995439999864;81.60995439999864;81.54405999999864;81.47816559999863;81.47816559999863;81.41227119999863;81.47816559999863;81.34637679999862;81.47816559999863;81.34637679999862;81.47816559999863;81.47816559999863;19160.0;81.54405999999864;81.60995439999864;81.54405999999864;
1.1000000000000025;79.36944479999848;79.36944479999848;79.36944479999848;79.50123359999849;79.50123359999849;79.43533919999848;79.43533919999848;79.6330223999985;79.56712799999849;79.50123359999849;79.6330223999985;79.6989167999985;79.6330223999985;79.6330223999985;79.56712799999849;79.50123359999849;79.50123359999849;79.43533919999848;79.50123359999849;79.36944479999848;79.50123359999849;79.36944479999848;79.50123359999849;79.50123359999849;19160.0;79.56712799999849;79.6330223999985;79.56712799999849;
1.2020613333333319;77.32661839999832;77.32661839999832;77.32661839999832;77.45840719999833;77.45840719999833;77.39251279999833;77.39251279999833;77.59019599999834;77.52430159999834;77.45840719999833;77.59019599999834;77.65609039999835;77.59019599999834;77.59019599999834;77.52430159999834;77.45840719999833;77.45840719999833;77.39251279999833;77.45840719999833;77.32661839999832;77.45840719999833;77.32661839999832;77.45840719999833;77.45840719999833;19160.0;77.52430159999834;77.59019599999834;77.52430159999834;
1.3020613333333289;75.34968639999818;75.34968639999818;75.34968639999818;75.48147519999819;75.48147519999819;75.41558079999818;75.41558079999818;75.6132639999982;75.54736959999819;75.48147519999819;75.6132639999982;75.6791583999982;75.6132639999982;75.6132639999982;75.54736959999819;75.48147519999819;75.48147519999819;75.41558079999818;75.48147519999819;75.34968639999818;75.48147519999819;75.34968639999818;75.48147519999819;75.48147519999819;19160.0;75.54736959999819;75.6132639999982;75.54736959999819;
1.4020613333333245;73.37275439999803;73.37275439999803;73.37275439999803;73.50454319999804;73.50454319999804;73.43864879999803;73.43864879999803;73.63633199999805;73.57043759999804;73.50454319999804;73.63633199999805;73.70222639999805;73.63633199999805;73.63633199999805;73.57043759999804;73.50454319999804;73.50454319999804;73.43864879999803;73.50454319999804;73.37275439999803;73.50454319999804;73.37275439999803;73.50454319999804;73.50454319999804;19160.0;73.57043759999804;73.63633199999805;73.57043759999804;
1.5020613333333215;71.39582239999788;71.39582239999788;71.39582239999788;71.52761119999789;71.52761119999789;71.46171679999789;71.46171679999789;71.6593999999979;71.5935055999979;71.52761119999789;71.6593999999979;71.7252943999979;71.6593999999979;71.6593999999979;71.5935055999979;71.52761119999789;71.52761119999789;71.46171679999789;71.52761119999789;71.39582239999788;71.52761119999789;71.39582239999788;71.52761119999789;71.52761119999789;19160.0;71.5935055999979;71.6593999999979;71.5935055999979;
1.6020613333333171;69.41889039999774;69.41889039999774;69.41889039999774;69.55067919999775;69.55067919999775;69.48478479999774;69.48478479999774;69.68246799999775;69.61657359999775;69.55067919999775;69.68246799999775;69.74836239999776;69.68246799999775;69.68246799999775;69.61657359999775;69.55067919999775;69.55067919999775;69.48478479999774;69.55067919999775;69.41889039999774;69.55067919999775;69.41889039999774;69.55067919999775;69.55067919999775;19160.0;69.61657359999775;69.68246799999775;69.61657359999775;
1.7020613333333128;67.44195839999759;67.44195839999759;67.44195839999759;67.5737471999976;67.5737471999976;67.5078527999976;67.5078527999976;67.70553599999761;67.6396415999976;67.5737471999976;67.70553599999761;67.77143039999761;67.70553599999761;67.70553599999761;67.6396415999976;67.5737471999976;67.5737471999976;67.5078527999976;67.5737471999976;67.44195839999759;67.5737471999976;67.44195839999759;67.5737471999976;67.5737471999976;19160.0;67.6396415999976;67.70553599999761;67.6396415999976;
1.8020613333333098;65.46502639999744;65.46502639999744;65.46502639999744;65.59681519999745;65.59681519999745;65.53092079999745;65.53092079999745;65.72860399999746;65.66270959999746;65.59681519999745;65.72860399999746;65.79449839999747;65.72860399999746;65.72860399999746;65.66270959999746;65.59681519999745;65.59681519999745;65.53092079999745;65.59681519999745;65.46502639999744;65.59681519999745;65.46502639999744;65.59681519999745;65.59681519999745;19160.0;65.66270959999746;65.72860399999746;65.66270959999746;
1.9020613333333054;63.48809439999735;63.48809439999735;63.48809439999735;63.619883199997346;63.619883199997346;63.55398879999735;63.55398879999735;63.75167199999734;63.685777599997344;63.619883199997346;63.75167199999734;63.81756639999734;63.75167199999734;63.75167199999734;63.685777599997344;63.619883199997346;63.619883199997346;63.55398879999735;63.619883199997346;63.48809439999735;63.619883199997346;63.48809439999735;63.619883199997346;63.619883199997346;19160.0;63.685777599997344;63.75167199999734;63.685777599997344;
2.0020613333333026;61.51116239999742;61.51116239999742;61.51116239999742;61.64295119999741;61.64295119999741;61.577056799997415;61.577056799997415;61.77473999999741;61.70884559999741;61.64295119999741;61.77473999999741;61.840634399997406;61.77473999999741;61.77473999999741;61.70884559999741;61.64295119999741;61.64295119999741;61.577056799997415;61.64295119999741;61.51116239999742;61.64295119999741;61.51116239999742;61.64295119999741;61.64295119999741;19160.0;61.70884559999741;61.77473999999741;61.70884559999741;
2.102061333333305;59.53423039999748;59.53423039999748;59.53423039999748;59.66601919999748;59.66601919999748;59.60012479999748;59.60012479999748;59.797807999997474;59.731913599997476;59.66601919999748;59.797807999997474;59.86370239999747;59.797807999997474;59.797807999997474;59.731913599997476;59.66601919999748;59.66601919999748;59.60012479999748;59.66601919999748;59.53423039999748;59.66601919999748;59.53423039999748;59.66601919999748;59.66601919999748;19160.0;59.731913599997476;59.797807999997474;59.731913599997476;
2.2020613333333072;57.55729839999755;57.55729839999755;57.55729839999755;57.689087199997545;57.689087199997545;57.62319279999755;57.62319279999755;57.82087599999754;57.75498159999754;57.689087199997545;57.82087599999754;57.88677039999754;57.82087599999754;57.82087599999754;57.75498159999754;57.689087199997545;57.689087199997545;57.62319279999755;57.689087199997545;57.55729839999755;57.689087199997545;57.55729839999755;57.689087199997545;57.689087199997545;19160.0;57.75498159999754;57.82087599999754;57.75498159999754;
2.3020613333333095;55.580366399997615;55.580366399997615;55.580366399997615;55.71215519999761;55.71215519999761;55.64626079999761;55.64626079999761;55.843943999997606;55.77804959999761;55.71215519999761;55.843943999997606;55.909838399997604;55.843943999997606;55.843943999997606;55.77804959999761;55.71215519999761;55.71215519999761;55.64626079999761;55.71215519999761;55.580366399997615;55.71215519999761;55.580366399997615;55.71215519999761;55.71215519999761;19160.0;55.77804959999761;55.843943999997606;55.77804959999761;
2.402061333333312;53.60343439999768;53.60343439999768;53.60343439999768;53.73522319999768;53.73522319999768;53.66932879999768;53.66932879999768;53.86701199999767;53.801117599997674;53.73522319999768;53.86701199999767;53.93290639999767;53.86701199999767;53.86701199999767;53.801117599997674;53.73522319999768;53.73522319999768;53.66932879999768;53.73522319999768;53.60343439999768;53.73522319999768;53.60343439999768;53.73522319999768;53.73522319999768;19160.0;53.801117599997674;53.86701199999767;53.801117599997674;
2.502061333333314;51.62650239999775;51.62650239999775;51.62650239999775;51.75829119999774;51.75829119999774;51.692396799997745;51.692396799997745;51.89007999999774;51.82418559999774;51.75829119999774;51.89007999999774;51.955974399997736;51.89007999999774;51.89007999999774;51.82418559999774;51.75829119999774;51.75829119999774;51.692396799997745;51.75829119999774;51.62650239999775;51.75829119999774;51.62650239999775;51.75829119999774;51.75829119999774;19160.0;51.82418559999774;51.89007999999774;51.82418559999774;
2.6020613333333165;49.64957039999781;49.64957039999781;49.64957039999781;49.78135919999781;49.78135919999781;49.71546479999781;49.78135919999781;49.913147999997804;49.847253599997806;49.78135919999781;49.913147999997804;49.9790423999978;49.913147999997804;49.913147999997804;49.847253599997806;49.78135919999781;49.78135919999781;49.71546479999781;49.78135919999781;49.64957039999781;49.78135919999781;49.64957039999781;49.78135919999781;49.78135919999781;19160.0;49.847253599997806;49.913147999997804;49.847253599997806;
2.7020613333333188;47.67263839999788;47.67263839999788;47.67263839999788;47.804427199997875;47.804427199997875;47.73853279999788;47.804427199997875;47.93621599999787;47.87032159999787;47.804427199997875;47.93621599999787;48.00211039999787;47.93621599999787;47.93621599999787;47.87032159999787;47.804427199997875;47.804427199997875;47.73853279999788;47.804427199997875;47.67263839999788;47.804427199997875;47.67263839999788;47.804427199997875;47.804427199997875;19160.0;47.87032159999787;47.93621599999787;47.87032159999787;
2.802061333333321;45.695706399997945;45.695706399997945;45.695706399997945;45.82749519999794;45.82749519999794;45.76160079999794;45.82749519999794;45.959283999997936;45.89338959999794;45.82749519999794;45.959283999997936;46.025178399997934;45.959283999997936;45.959283999997936;45.89338959999794;45.82749519999794;45.82749519999794;45.76160079999794;45.82749519999794;45.695706399997945;45.82749519999794;45.695706399997945;45.82749519999794;45.82749519999794;19160.0;45.89338959999794;45.959283999997936;45.89338959999794;
2.9020613333333234;43.71877439999801;43.71877439999801;43.71877439999801;43.85056319999801;43.85056319999801;43.78466879999801;43.85056319999801;43.982351999998;43.916457599998004;43.85056319999801;43.982351999998;44.048246399998;43.982351999998;43.982351999998;43.916457599998004;43.85056319999801;43.85056319999801;43.78466879999801;43.85056319999801;43.71877439999801;43.85056319999801;43.71877439999801;43.85056319999801;43.85056319999801;19160.0;43.916457599998004;43.982351999998;43.916457599998004;
3.0020613333333257;41.74184239999808;41.74184239999808;41.74184239999808;41.87363119999807;41.87363119999807;41.807736799998075;41.87363119999807;42.00541999999807;41.93952559999807;41.87363119999807;42.00541999999807;42.071314399998066;42.00541999999807;42.00541999999807;41.93952559999807;41.87363119999807;41.87363119999807;41.807736799998075;41.87363119999807;41.74184239999808;41.87363119999807;41.74184239999808;41.87363119999807;41.87363119999807;19160.0;41.93952559999807;42.00541999999807;41.93952559999807;
3.102061333333328;39.76491039999814;39.76491039999814;39.76491039999814;39.89669919999814;39.89669919999814;39.83080479999814;39.89669919999814;40.028487999998134;39.96259359999814;39.89669919999814;40.028487999998134;40.09438239999813;40.028487999998134;40.028487999998134;39.96259359999814;39.89669919999814;39.89669919999814;39.83080479999814;39.89669919999814;39.76491039999814;39.89669919999814;39.76491039999814;39.89669919999814;39.89669919999814;19160.0;39.96259359999814;40.028487999998134;39.96259359999814;
3.2020613333333303;37.78797839999821;37.78797839999821;37.78797839999821;37.919767199998205;37.919767199998205;37.85387279999821;37.919767199998205;38.0515559999982;37.9856615999982;37.919767199998205;38.0515559999982;38.1174503999982;38.0515559999982;38.0515559999982;37.9856615999982;37.919767199998205;37.919767199998205;37.85387279999821;37.919767199998205;37.78797839999821;37.919767199998205;37.78797839999821;37.919767199998205;37.919767199998205;19160.0;37.9856615999982;38.0515559999982;37.9856615999982;
3.3020613333333326;35.811046399998276;35.811046399998276;35.811046399998276;35.94283519999827;35.94283519999827;35.87694079999827;35.94283519999827;36.074623999998266;36.00872959999827;35.94283519999827;36.074623999998266;36.140518399998264;36.074623999998266;36.074623999998266;36.00872959999827;35.94283519999827;35.94283519999827;35.87694079999827;35.94283519999827;35.811046399998276;35.94283519999827;35.811046399998276;35.94283519999827;35.94283519999827;19160.0;36.00872959999827;36.074623999998266;36.00872959999827;
3.4000000000000017;33.90000879999834;33.90000879999834;33.90000879999834;34.031797599998335;34.031797599998335;33.96590319999834;34.031797599998335;34.16358639999833;34.09769199999833;34.031797599998335;34.16358639999833;34.22948079999833;34.16358639999833;34.16358639999833;34.09769199999833;34.031797599998335;34.031797599998335;33.96590319999834;34.031797599998335;33.90000879999834;34.031797599998335;33.90000879999834;34.031797599998335;34.031797599998335;19160.0;34.09769199999833;34.16358639999833;34.09769199999833;
3.500000000000004;31.923076799998398;31.923076799998398;31.923076799998398;32.0548655999984;32.0548655999984;31.9889711999984;32.0548655999984;32.186654399998396;32.1207599999984;32.0548655999984;32.186654399998396;32.252548799998394;32.186654399998396;32.186654399998396;32.1207599999984;32.0548655999984;32.0548655999984;31.9889711999984;32.0548655999984;31.923076799998398;32.0548655999984;31.923076799998398;32.0548655999984;32.0548655999984;19160.0;32.1207599999984;32.186654399998396;32.1207599999984;
3.6000000000000063;29.94614479999836;29.94614479999836;29.94614479999836;30.077933599998364;30.077933599998364;30.012039199998362;30.077933599998364;30.209722399998366;30.143827999998365;30.077933599998364;30.209722399998366;30.275616799998367;30.209722399998366;30.209722399998366;30.143827999998365;30.077933599998364;30.077933599998364;30.012039199998362;30.077933599998364;29.94614479999836;30.077933599998364;29.94614479999836;30.077933599998364;30.077933599998364;19160.0;30.143827999998365;30.209722399998366;30.143827999998365;
3.7000000000000086;27.969212799998324;27.969212799998324;27.969212799998324;28.101001599998327;28.101001599998327;28.035107199998325;28.101001599998327;28.23279039999833;28.166895999998328;28.101001599998327;28.23279039999833;28.29868479999833;28.23279039999833;28.23279039999833;28.166895999998328;28.101001599998327;28.101001599998327;28.035107199998325;28.101001599998327;27.969212799998324;28.101001599998327;27.969212799998324;28.101001599998327;28.101001599998327;19160.0;28.166895999998328;28.23279039999833;28.166895999998328;
3.800000000000011;25.992280799998287;25.992280799998287;25.992280799998287;26.12406959999829;26.12406959999829;26.05817519999829;26.12406959999829;26.255858399998292;26.18996399999829;26.12406959999829;26.255858399998292;26.321752799998293;26.255858399998292;26.255858399998292;26.18996399999829;26.12406959999829;26.12406959999829;26.05817519999829;26.12406959999829;25.992280799998287;26.12406959999829;25.992280799998287;26.12406959999829;26.12406959999829;19160.0;26.18996399999829;26.255858399998292;26.18996399999829;
3.9000000000000132;24.01534879999825;24.01534879999825;24.01534879999825;24.147137599998253;24.147137599998253;24.08124319999825;24.147137599998253;24.278926399998255;24.213031999998254;24.147137599998253;24.278926399998255;24.344820799998256;24.278926399998255;24.278926399998255;24.213031999998254;24.147137599998253;24.147137599998253;24.08124319999825;24.147137599998253;24.01534879999825;24.147137599998253;24.01534879999825;24.147137599998253;24.147137599998253;19160.0;24.213031999998254;24.278926399998255;24.213031999998254;
4.000000000000015;22.038416799998213;22.038416799998213;22.038416799998213;22.170205599998216;22.170205599998216;22.104311199998214;22.170205599998216;22.301994399998218;22.236099999998217;22.170205599998216;22.301994399998218;22.36788879999822;22.301994399998218;22.301994399998218;22.236099999998217;22.170205599998216;22.170205599998216;22.104311199998214;22.170205599998216;22.038416799998213;22.170205599998216;22.038416799998213;22.170205599998216;22.170205599998216;19160.0;22.236099999998217;22.301994399998218;22.236099999998217;
4.100000000000031;20.061484799998176;20.061484799998176;20.061484799998176;20.19327359999818;20.19327359999818;20.127379199998177;20.19327359999818;20.32506239999818;20.25916799999818;20.19327359999818;20.32506239999818;20.390956799998182;20.32506239999818;20.32506239999818;20.25916799999818;20.19327359999818;20.19327359999818;20.127379199998177;20.19327359999818;20.061484799998176;20.19327359999818;20.061484799998176;20.19327359999818;20.19327359999818;19160.0;20.25916799999818;20.32506239999818;20.25916799999818;
4.200000000000046;18.08455279999814;18.08455279999814;18.08455279999814;18.21634159999814;18.21634159999814;18.15044719999814;18.21634159999814;18.348130399998144;18.282235999998143;18.21634159999814;18.348130399998144;18.414024799998145;18.348130399998144;18.348130399998144;18.282235999998143;18.21634159999814;18.21634159999814;18.15044719999814;18.21634159999814;18.08455279999814;18.21634159999814;18.08455279999814;18.21634159999814;18.21634159999814;19160.0;18.282235999998143;18.348130399998144;18.282235999998143;
4.300000000000062;16.107620799998102;16.107620799998102;16.107620799998102;16.239409599998105;16.239409599998105;16.173515199998103;16.239409599998105;16.371198399998107;16.305303999998106;16.239409599998105;16.371198399998107;16.43709279999811;16.371198399998107;16.371198399998107;16.305303999998106;16.239409599998105;16.239409599998105;16.173515199998103;16.239409599998105;16.107620799998102;16.239409599998105;16.107620799998102;16.239409599998105;16.239409599998105;19160.0;16.305303999998106;16.371198399998107;16.305303999998106;
4.400000000000078;14.130688799998117;14.130688799998117;14.130688799998117;14.262477599998116;14.262477599998116;14.196583199998116;14.262477599998116;14.394266399998115;14.328371999998115;14.262477599998116;14.394266399998115;14.460160799998114;14.394266399998115;14.394266399998115;14.328371999998115;14.262477599998116;14.262477599998116;14.196583199998116;14.262477599998116;14.130688799998117;14.262477599998116;14.130688799998117;14.262477599998116;14.262477599998116;19160.0;14.328371999998115;14.394266399998115;14.328371999998115;
4.500000000000093;12.153756799998133;12.153756799998133;12.153756799998133;12.285545599998132;12.285545599998132;12.219651199998133;12.285545599998132;12.417334399998131;12.351439999998131;12.285545599998132;12.417334399998131;12.48322879999813;12.417334399998131;12.417334399998131;12.351439999998131;12.285545599998132;12.285545599998132;12.219651199998133;12.285545599998132;12.153756799998133;12.285545599998132;12.153756799998133;12.285545599998132;12.285545599998132;19160.0;12.351439999998131;12.417334399998131;12.351439999998131;
4.600000000000109;10.17682479999815;10.17682479999815;10.17682479999815;10.308613599998148;10.308613599998148;10.242719199998149;10.308613599998148;10.440402399998147;10.374507999998148;10.308613599998148;10.440402399998147;10.506296799998147;10.440402399998147;10.440402399998147;10.374507999998148;10.308613599998148;10.308613599998148;10.242719199998149;10.308613599998148;10.17682479999815;10.308613599998148;10.17682479999815;10.308613599998148;10.308613599998148;19160.0;10.374507999998148;10.440402399998147;10.374507999998148;
4.7000000000001245;8.199892799998166;8.199892799998166;8.199892799998166;8.331681599998165;8.331681599998165;8.265787199998165;8.331681599998165;8.463470399998164;8.397575999998164;8.331681599998165;8.463470399998164;8.529364799998163;8.463470399998164;8.463470399998164;8.397575999998164;8.331681599998165;8.331681599998165;8.265787199998165;8.331681599998165;8.199892799998166;8.331681599998165;8.199892799998166;8.331681599998165;8.331681599998165;19160.0;8.397575999998164;8.463470399998164;8.397575999998164;
4.80000000000014;6.222960799998158;6.222960799998158;6.222960799998158;6.354749599998159;6.354749599998159;6.288855199998158;6.354749599998159;6.486538399998159;6.420643999998159;6.354749599998159;6.486538399998159;6.55243279999816;6.486538399998159;6.486538399998159;6.420643999998159;6.354749599998159;6.354749599998159;6.288855199998158;6.354749599998159;6.222960799998158;6.354749599998159;6.222960799998158;6.354749599998159;6.354749599998159;19160.0;6.420643999998159;6.486538399998159;6.420643999998159;
4.900000000000156;4.109631999998148;4.109631999998148;4.109631999998148;4.241420799998148;4.241420799998148;4.175526399998148;4.241420799998148;4.373209599998149;4.307315199998149;4.241420799998148;4.373209599998149;4.439103999998149;4.373209599998149;4.373209599998149;4.307315199998149;4.241420799998148;4.241420799998148;4.175526399998148;4.241420799998148;4.109631999998148;4.241420799998148;4.109631999998148;4.241420799998148;4.241420799998148;19160.0;4.307315199998149;4.373209599998149;4.307315199998149;
5.000000000000171;1.9963031999981498;1.9963031999981498;1.9963031999981498;2.1280919999981496;2.1280919999981496;2.0621975999981497;2.1280919999981496;2.2598807999981494;2.1939863999981495;2.1280919999981496;2.2598807999981494;2.3257751999981493;2.2598807999981494;2.2598807999981494;2.1939863999981495;2.1280919999981496;2.1280919999981496;2.0621975999981497;2.1280919999981496;1.9963031999981498;2.1280919999981496;1.9963031999981498;2.1280919999981496;2.1280919999981496;19160.0;2.1939863999981495;2.2598807999981494;2.1939863999981495;
5.100000000000187;0.0;0.0;0.0;0.014763199998150928;0.014763199998150928;0.0;0.014763199998150928;0.14655199999815094;0.08065759999815093;0.014763199998150928;0.14655199999815094;0.21244639999815096;0.14655199999815094;0.14655199999815094;0.08065759999815093;0.014763199998150928;0.014763199998150928;0.0;0.014763199998150928;0.0;0.014763199998150928;0.0;0.014763199998150928;0.014763199998150928;19160.0;0.08065759999815093;0.14655199999815094;0.08065759999815093;
5.200000000000201;0.0;0.0;0.0;0.0;0.0;0.0;0.0;0.0;0.0;0.0;0.0;0.0;0.0;0.0;0.0;0.0;0.0;0.0;0.0;0.0;0.0;0.0;0.0;0.0;19160.0;0.0;0.0;0.0;
5.30000000000019;0.0;0.0;0.0;0.0;0.0;0.0;0.0;0.0;0.0;0.0;0.0;0.0;0.0;0.0;0.0;0.0;0.0;0.0;0.0;0.0;0.0;0.0;0.0;0.0;19160.0;0.0;0.0;0.0;
5.400000000000179;0.0;0.0;0.0;0.0;0.0;0.0;0.0;0.0;0.0;0.0;0.0;0.0;0.0;0.0;0.0;0.0;0.0;0.0;0.0;0.0;0.0;0.0;0.0;0.0;19160.0;0.0;0.0;0.0;
5.500000000000168;0.0;0.0;0.0;0.0;0.0;0.0;0.0;0.0;0.0;0.0;0.0;0.0;0.0;0.0;0.0;0.0;0.0;0.0;0.0;0.0;0.0;0.0;0.0;0.0;19160.0;0.0;0.0;0.0;
5.600000000000157;0.0;0.0;0.0;0.0;0.0;0.0;0.0;0.0;0.0;0.0;0.0;0.0;0.0;0.0;0.0;0.0;0.0;0.0;0.0;0.0;0.0;0.0;0.0;0.0;19160.0;0.0;0.0;0.0;
5.700000000000146;0.0;0.0;0.0;0.0;0.0;0.0;0.0;0.0;0.0;0.0;0.0;0.0;0.0;0.0;0.0;0.0;0.0;0.0;0.0;0.0;0.0;0.0;0.0;0.0;19160.0;0.0;0.0;0.0;
5.800000000000135;0.0;0.0;0.0;0.0;0.0;0.0;0.0;0.0;0.0;0.0;0.0;0.0;0.0;0.0;0.0;0.0;0.0;0.0;0.0;0.0;0.0;0.0;0.0;0.0;19160.0;0.0;0.0;0.0;
5.900000000000124;0.0;0.0;0.0;0.0;0.0;0.0;0.0;0.0;0.0;0.0;0.0;0.0;0.0;0.0;0.0;0.0;0.0;0.0;0.0;0.0;0.0;0.0;0.0;0.0;19160.0;0.0;0.0;0.0;
6.000000000000113;0.0;0.0;0.0;0.0;0.0;0.0;0.0;0.0;0.0;0.0;0.0;0.0;0.0;0.0;0.0;0.0;0.0;0.0;0.0;0.0;0.0;0.0;0.0;0.0;19160.0;0.0;0.0;0.0;
6.100000000000102;0.0;0.0;0.0;0.0;0.0;0.0;0.0;0.0;0.0;0.0;0.0;0.0;0.0;0.0;0.0;0.0;0.0;0.0;0.0;0.0;0.0;0.0;0.0;0.0;19160.0;0.0;0.0;0.0;
6.200000000000091;0.0;0.0;0.0;0.0;0.0;0.0;0.0;0.0;0.0;0.0;0.0;0.0;0.0;0.0;0.0;0.0;0.0;0.0;0.0;0.0;0.0;0.0;0.0;0.0;19160.0;0.0;0.0;0.0;
6.30000000000008;0.0;0.0;0.0;0.0;0.0;0.0;0.0;0.0;0.0;0.0;0.0;0.0;0.0;0.0;0.0;0.0;0.0;0.0;0.0;0.0;0.0;0.0;0.0;0.0;19160.0;0.0;0.0;0.0;
6.400000000000069;0.0;0.0;0.0;0.0;0.0;0.0;0.0;0.0;0.0;0.0;0.0;0.0;0.0;0.0;0.0;0.0;0.0;0.0;0.0;0.0;0.0;0.0;0.0;0.0;19160.0;0.0;0.0;0.0;
6.500000000000058;0.0;0.0;0.0;0.0;0.0;0.0;0.0;0.0;0.0;0.0;0.0;0.0;0.0;0.0;0.0;0.0;0.0;0.0;0.0;0.0;0.0;0.0;0.0;0.0;19160.0;0.0;0.0;0.0;
6.600000000000047;0.0;0.0;0.0;0.0;0.0;0.0;0.0;0.0;0.0;0.0;0.0;0.0;0.0;0.0;0.0;0.0;0.0;0.0;0.0;0.0;0.0;0.0;0.0;0.0;19160.0;0.0;0.0;0.0;
6.700000000000036;0.0;0.0;0.0;0.0;0.0;0.0;0.0;0.0;0.0;0.0;0.0;0.0;0.0;0.0;0.0;0.0;0.0;0.0;0.0;0.0;0.0;0.0;0.0;0.0;19160.0;0.0;0.0;0.0;
6.800000000000025;0.0;0.0;0.0;0.0;0.0;0.0;0.0;0.0;0.0;0.0;0.0;0.0;0.0;0.0;0.0;0.0;0.0;0.0;0.0;0.0;0.0;0.0;0.0;0.0;19160.0;0.0;0.0;0.0;
6.900000000000014;0.0;0.0;0.0;0.0;0.0;0.0;0.0;0.0;0.0;0.0;0.0;0.0;0.0;0.0;0.0;0.0;0.0;0.0;0.0;0.0;0.0;0.0;0.0;0.0;19160.0;0.0;0.0;0.0;
7.000000000000003;0.0;0.0;0.0;0.0;0.0;0.0;0.0;0.0;0.0;0.0;0.0;0.0;0.0;0.0;0.0;0.0;0.0;0.0;0.0;0.0;0.0;0.0;0.0;0.0;19160.0;0.0;0.0;0.0;
7.099999999999992;0.0;0.0;0.0;0.0;0.0;0.0;0.0;0.0;0.0;0.0;0.0;0.0;0.0;0.0;0.0;0.0;0.0;0.0;0.0;0.0;0.0;0.0;0.0;0.0;19160.0;0.0;0.0;0.0;
7.203333333333314;0.0;0.0;0.0;0.0;0.0;0.0;0.0;0.0;0.0;0.0;0.0;0.0;0.0;0.0;0.0;0.0;0.0;0.0;0.0;0.0;0.0;0.0;0.0;0.0;19160.0;0.0;0.0;0.0;
7.303333333333303;0.0;0.0;0.0;0.0;0.0;0.0;0.0;0.0;0.0;0.0;0.0;0.0;0.0;0.0;0.0;0.0;0.0;0.0;0.0;0.0;0.0;0.0;0.0;0.0;19160.0;0.0;0.0;0.0;
7.403333333333292;0.0;0.0;0.0;0.0;0.0;0.0;0.0;0.0;0.0;0.0;0.0;0.0;0.0;0.0;0.0;0.0;0.0;0.0;0.0;0.0;0.0;0.0;0.0;0.0;19160.0;0.0;0.0;0.0;
7.503333333333281;0.0;0.0;0.0;0.0;0.0;0.0;0.0;0.0;0.0;0.0;0.0;0.0;0.0;0.0;0.0;0.0;0.0;0.0;0.0;0.0;0.0;0.0;0.0;0.0;19160.0;0.0;0.0;0.0;
7.6033333333332696;0.0;0.0;0.0;0.0;0.0;0.0;0.0;0.0;0.0;0.0;0.0;0.0;0.0;0.0;0.0;0.0;0.0;0.0;0.0;0.0;0.0;0.0;0.0;0.0;19160.0;0.0;0.0;0.0;
7.7033333333332585;0.0;0.0;0.0;0.0;0.0;0.0;0.0;0.0;0.0;0.0;0.0;0.0;0.0;0.0;0.0;0.0;0.0;0.0;0.0;0.0;0.0;0.0;0.0;0.0;19160.0;0.0;0.0;0.0;
7.8033333333332475;0.0;0.0;0.0;0.0;0.0;0.0;0.0;0.0;0.0;0.0;0.0;0.0;0.0;0.0;0.0;0.0;0.0;0.0;0.0;0.0;0.0;0.0;0.0;0.0;19160.0;0.0;0.0;0.0;
7.9033333333332365;0.0;0.0;0.0;0.0;0.0;0.0;0.0;0.0;0.0;0.0;0.0;0.0;0.0;0.0;0.0;0.0;0.0;0.0;0.0;0.0;0.0;0.0;0.0;0.0;19160.0;0.0;0.0;0.0;
8.003333333333225;0.0;0.0;0.0;0.0;0.0;0.0;0.0;0.0;0.0;0.0;0.0;0.0;0.0;0.0;0.0;0.0;0.0;0.0;0.0;0.0;0.0;0.0;0.0;0.0;19160.0;0.0;0.0;0.0;
8.103333333333241;0.0;0.0;0.0;0.0;0.0;0.0;0.0;0.0;0.0;0.0;0.0;0.0;0.0;0.0;0.0;0.0;0.0;0.0;0.0;0.0;0.0;0.0;0.0;0.0;19160.0;0.0;0.0;0.0;
8.203333333333257;0.0;0.0;0.0;0.0;0.0;0.0;0.0;0.0;0.0;0.0;0.0;0.0;0.0;0.0;0.0;0.0;0.0;0.0;0.0;0.0;0.0;0.0;0.0;0.0;19160.0;0.0;0.0;0.0;
8.303333333333272;0.0;0.0;0.0;0.0;0.0;0.0;0.0;0.0;0.0;0.0;0.0;0.0;0.0;0.0;0.0;0.0;0.0;0.0;0.0;0.0;0.0;0.0;0.0;0.0;19160.0;0.0;0.0;0.0;
8.403333333333288;0.0;0.0;0.0;0.0;0.0;0.0;0.0;0.0;0.0;0.0;0.0;0.0;0.0;0.0;0.0;0.0;0.0;0.0;0.0;0.0;0.0;0.0;0.0;0.0;19160.0;0.0;0.0;0.0;
8.503333333333304;0.0;0.0;0.0;0.0;0.0;0.0;0.0;0.0;0.0;0.0;0.0;0.0;0.0;0.0;0.0;0.0;0.0;0.0;0.0;0.0;0.0;0.0;0.0;0.0;19160.0;0.0;0.0;0.0;
8.599999999999985;0.0;0.0;0.0;0.0;0.0;0.0;0.0;0.0;0.0;0.0;0.0;0.0;0.0;0.0;0.0;0.0;0.0;0.0;0.0;0.0;0.0;0.0;0.0;0.0;19160.0;0.0;0.0;0.0;
8.700000000000001;0.0;0.0;0.0;0.0;0.0;0.0;0.0;0.0;0.0;0.0;0.0;0.0;0.0;0.0;0.0;0.0;0.0;0.0;0.0;0.0;0.0;0.0;0.0;0.0;19160.0;0.0;0.0;0.0;
8.800000000000017;0.0;0.0;0.0;0.0;0.0;0.0;0.0;0.0;0.0;0.0;0.0;0.0;0.0;0.0;0.0;0.0;0.0;0.0;0.0;0.0;0.0;0.0;0.0;0.0;19160.0;0.0;0.0;0.0;
8.900000000000032;0.0;0.0;0.0;0.0;0.0;0.0;0.0;0.0;0.0;0.0;0.0;0.0;0.0;0.0;0.0;0.0;0.0;0.0;0.0;0.0;0.0;0.0;0.0;0.0;19160.0;0.0;0.0;0.0;
9.000000000000048;0.0;0.0;0.0;0.0;0.0;0.0;0.0;0.0;0.0;0.0;0.0;0.0;0.0;0.0;0.0;0.0;0.0;0.0;0.0;0.0;0.0;0.0;0.0;0.0;19160.0;0.0;0.0;0.0;
9.100000000000064;0.0;0.0;0.0;0.0;0.0;0.0;0.0;0.0;0.0;0.0;0.0;0.0;0.0;0.0;0.0;0.0;0.0;0.0;0.0;0.0;0.0;0.0;0.0;0.0;19160.0;0.0;0.0;0.0;
9.20000000000008;0.0;0.0;0.0;0.0;0.0;0.0;0.0;0.0;0.0;0.0;0.0;0.0;0.0;0.0;0.0;0.0;0.0;0.0;0.0;0.0;0.0;0.0;0.0;0.0;19160.0;0.0;0.0;0.0;
9.300000000000095;0.0;0.0;0.0;0.0;0.0;0.0;0.0;0.0;0.0;0.0;0.0;0.0;0.0;0.0;0.0;0.0;0.0;0.0;0.0;0.0;0.0;0.0;0.0;0.0;19160.0;0.0;0.0;0.0;
9.40000000000011;0.0;0.0;0.0;0.0;0.0;0.0;0.0;0.0;0.0;0.0;0.0;0.0;0.0;0.0;0.0;0.0;0.0;0.0;0.0;0.0;0.0;0.0;0.0;0.0;19160.0;0.0;0.0;0.0;
9.500000000000126;0.0;0.0;0.0;0.0;0.0;0.0;0.0;0.0;0.0;0.0;0.0;0.0;0.0;0.0;0.0;0.0;0.0;0.0;0.0;0.0;0.0;0.0;0.0;0.0;19160.0;0.0;0.0;0.0;
9.600000000000142;0.0;0.0;0.0;0.0;0.0;0.0;0.0;0.0;0.0;0.0;0.0;0.0;0.0;0.0;0.0;0.0;0.0;0.0;0.0;0.0;0.0;0.0;0.0;0.0;19160.0;0.0;0.0;0.0;
9.700000000000157;0.0;0.0;0.0;0.0;0.0;0.0;0.0;0.0;0.0;0.0;0.0;0.0;0.0;0.0;0.0;0.0;0.0;0.0;0.0;0.0;0.0;0.0;0.0;0.0;19160.0;0.0;0.0;0.0;
9.800000000000173;0.0;0.0;0.0;0.0;0.0;0.0;0.0;0.0;0.0;0.0;0.0;0.0;0.0;0.0;0.0;0.0;0.0;0.0;0.0;0.0;0.0;0.0;0.0;0.0;19160.0;0.0;0.0;0.0;
9.900000000000189;0.0;0.0;0.0;0.0;0.0;0.0;0.0;0.0;0.0;0.0;0.0;0.0;0.0;0.0;0.0;0.0;0.0;0.0;0.0;0.0;0.0;0.0;0.0;0.0;19160.0;0.0;0.0;0.0;
10.000000000000204;0.0;0.0;0.0;0.0;0.0;0.0;0.0;0.0;0.0;0.0;0.0;0.0;0.0;0.0;0.0;0.0;0.0;0.0;0.0;0.0;0.0;0.0;0.0;0.0;19160.0;0.0;0.0;0.0;
10.10000000000022;0.0;0.0;0.0;0.0;0.0;0.0;0.0;0.0;0.0;0.0;0.0;0.0;0.0;0.0;0.0;0.0;0.0;0.0;0.0;0.0;0.0;0.0;0.0;0.0;19160.0;0.0;0.0;0.0;
10.200000000000236;0.0;0.0;0.0;0.0;0.0;0.0;0.0;0.0;0.0;0.0;0.0;0.0;0.0;0.0;0.0;0.0;0.0;0.0;0.0;0.0;0.0;0.0;0.0;0.0;19160.0;0.0;0.0;0.0;
10.300000000000251;0.0;0.0;0.0;0.0;0.0;0.0;0.0;0.0;0.0;0.0;0.0;0.0;0.0;0.0;0.0;0.0;0.0;0.0;0.0;0.0;0.0;0.0;0.0;0.0;19160.0;0.0;0.0;0.0;
10.400000000000267;0.0;0.0;0.0;0.0;0.0;0.0;0.0;0.0;0.0;0.0;0.0;0.0;0.0;0.0;0.0;0.0;0.0;0.0;0.0;0.0;0.0;0.0;0.0;0.0;19160.0;0.0;0.0;0.0;
10.500000000000282;0.0;0.0;0.0;0.0;0.0;0.0;0.0;0.0;0.0;0.0;0.0;0.0;0.0;0.0;0.0;0.0;0.0;0.0;0.0;0.0;0.0;0.0;0.0;0.0;19160.0;0.0;0.0;0.0;
10.600000000000298;0.0;0.0;0.0;0.0;0.0;0.0;0.0;0.0;0.0;0.0;0.0;0.0;0.0;0.0;0.0;0.0;0.0;0.0;0.0;0.0;0.0;0.0;0.0;0.0;19160.0;0.0;0.0;0.0;
10.700000000000314;0.0;0.0;0.0;0.0;0.0;0.0;0.0;0.0;0.0;0.0;0.0;0.0;0.0;0.0;0.0;0.0;0.0;0.0;0.0;0.0;0.0;0.0;0.0;0.0;19160.0;0.0;0.0;0.0;
10.80000000000033;0.0;0.0;0.0;0.0;0.0;0.0;0.0;0.0;0.0;0.0;0.0;0.0;0.0;0.0;0.0;0.0;0.0;0.0;0.0;0.0;0.0;0.0;0.0;0.0;19160.0;0.0;0.0;0.0;
10.900000000000345;0.0;0.0;0.0;0.0;0.0;0.0;0.0;0.0;0.0;0.0;0.0;0.0;0.0;0.0;0.0;0.0;0.0;0.0;0.0;0.0;0.0;0.0;0.0;0.0;19160.0;0.0;0.0;0.0;
11.00000000000036;0.0;0.0;0.0;0.0;0.0;0.0;0.0;0.0;0.0;0.0;0.0;0.0;0.0;0.0;0.0;0.0;0.0;0.0;0.0;0.0;0.0;0.0;0.0;0.0;19160.0;0.0;0.0;0.0;
11.100000000000376;0.0;0.0;0.0;0.0;0.0;0.0;0.0;0.0;0.0;0.0;0.0;0.0;0.0;0.0;0.0;0.0;0.0;0.0;0.0;0.0;0.0;0.0;0.0;0.0;19160.0;0.0;0.0;0.0;
11.200000000000392;0.0;0.0;0.0;0.0;0.0;0.0;0.0;0.0;0.0;0.0;0.0;0.0;0.0;0.0;0.0;0.0;0.0;0.0;0.0;0.0;0.0;0.0;0.0;0.0;19160.0;0.0;0.0;0.0;
11.300000000000407;0.0;0.0;0.0;0.0;0.0;0.0;0.0;0.0;0.0;0.0;0.0;0.0;0.0;0.0;0.0;0.0;0.0;0.0;0.0;0.0;0.0;0.0;0.0;0.0;19160.0;0.0;0.0;0.0;
11.400000000000423;0.0;0.0;0.0;0.0;0.0;0.0;0.0;0.0;0.0;0.0;0.0;0.0;0.0;0.0;0.0;0.0;0.0;0.0;0.0;0.0;0.0;0.0;0.0;0.0;19160.0;0.0;0.0;0.0;
11.500000000000439;0.0;0.0;0.0;0.0;0.0;0.0;0.0;0.0;0.0;0.0;0.0;0.0;0.0;0.0;0.0;0.0;0.0;0.0;0.0;0.0;0.0;0.0;0.0;0.0;19160.0;0.0;0.0;0.0;
11.600000000000454;0.0;0.0;0.0;0.0;0.0;0.0;0.0;0.0;0.0;0.0;0.0;0.0;0.0;0.0;0.0;0.0;0.0;0.0;0.0;0.0;0.0;0.0;0.0;0.0;19160.0;0.0;0.0;0.0;
11.70000000000047;0.0;0.0;0.0;0.0;0.0;0.0;0.0;0.0;0.0;0.0;0.0;0.0;0.0;0.0;0.0;0.0;0.0;0.0;0.0;0.0;0.0;0.0;0.0;0.0;19160.0;0.0;0.0;0.0;
11.800000000000486;0.0;0.0;0.0;0.0;0.0;0.0;0.0;0.0;0.0;0.0;0.0;0.0;0.0;0.0;0.0;0.0;0.0;0.0;0.0;0.0;0.0;0.0;0.0;0.0;19160.0;0.0;0.0;0.0;
11.900000000000501;0.0;0.0;0.0;0.0;0.0;0.0;0.0;0.0;0.0;0.0;0.0;0.0;0.0;0.0;0.0;0.0;0.0;0.0;0.0;0.0;0.0;0.0;0.0;0.0;19160.0;0.0;0.0;0.0;
12.000000000000517;0.0;0.0;0.0;0.0;0.0;0.0;0.0;0.0;0.0;0.0;0.0;0.0;0.0;0.0;0.0;0.0;0.0;0.0;0.0;0.0;0.0;0.0;0.0;0.0;19160.0;0.0;0.0;0.0;
12.100000000000533;0.0;0.0;0.0;0.0;0.0;0.0;0.0;0.0;0.0;0.0;0.0;0.0;0.0;0.0;0.0;0.0;0.0;0.0;0.0;0.0;0.0;0.0;0.0;0.0;19160.0;0.0;0.0;0.0;
12.200000000000548;0.0;0.0;0.0;0.0;0.0;0.0;0.0;0.0;0.0;0.0;0.0;0.0;0.0;0.0;0.0;0.0;0.0;0.0;0.0;0.0;0.0;0.0;0.0;0.0;19160.0;0.0;0.0;0.0;
12.300000000000564;0.0;0.0;0.0;0.0;0.0;0.0;0.0;0.0;0.0;0.0;0.0;0.0;0.0;0.0;0.0;0.0;0.0;0.0;0.0;0.0;0.0;0.0;0.0;0.0;19160.0;0.0;0.0;0.0;
12.40000000000058;0.0;0.0;0.0;0.0;0.0;0.0;0.0;0.0;0.0;0.0;0.0;0.0;0.0;0.0;0.0;0.0;0.0;0.0;0.0;0.0;0.0;0.0;0.0;0.0;19160.0;0.0;0.0;0.0;
12.500000000000595;0.0;0.0;0.0;0.0;0.0;0.0;0.0;0.0;0.0;0.0;0.0;0.0;0.0;0.0;0.0;0.0;0.0;0.0;0.0;0.0;0.0;0.0;0.0;0.0;19160.0;0.0;0.0;0.0;
12.60000000000061;0.0;0.0;0.0;0.0;0.0;0.0;0.0;0.0;0.0;0.0;0.0;0.0;0.0;0.0;0.0;0.0;0.0;0.0;0.0;0.0;0.0;0.0;0.0;0.0;19160.0;0.0;0.0;0.0;
12.700000000000626;0.0;0.0;0.0;0.0;0.0;0.0;0.0;0.0;0.0;0.0;0.0;0.0;0.0;0.0;0.0;0.0;0.0;0.0;0.0;0.0;0.0;0.0;0.0;0.0;19160.0;0.0;0.0;0.0;
12.800000000000642;0.0;0.0;0.0;0.0;0.0;0.0;0.0;0.0;0.0;0.0;0.0;0.0;0.0;0.0;0.0;0.0;0.0;0.0;0.0;0.0;0.0;0.0;0.0;0.0;19160.0;0.0;0.0;0.0;
12.900000000000658;0.0;0.0;0.0;0.0;0.0;0.0;0.0;0.0;0.0;0.0;0.0;0.0;0.0;0.0;0.0;0.0;0.0;0.0;0.0;0.0;0.0;0.0;0.0;0.0;19160.0;0.0;0.0;0.0;
13.000000000000673;0.0;0.0;0.0;0.0;0.0;0.0;0.0;0.0;0.0;0.0;0.0;0.0;0.0;0.0;0.0;0.0;0.0;0.0;0.0;0.0;0.0;0.0;0.0;0.0;19160.0;0.0;0.0;0.0;
13.100000000000689;0.0;0.0;0.0;0.0;0.0;0.0;0.0;0.0;0.0;0.0;0.0;0.0;0.0;0.0;0.0;0.0;0.0;0.0;0.0;0.0;0.0;0.0;0.0;0.0;19160.0;0.0;0.0;0.0;
13.200000000000705;0.0;0.0;0.0;0.0;0.0;0.0;0.0;0.0;0.0;0.0;0.0;0.0;0.0;0.0;0.0;0.0;0.0;0.0;0.0;0.0;0.0;0.0;0.0;0.0;19160.0;0.0;0.0;0.0;
13.30000000000072;0.0;0.0;0.0;0.0;0.0;0.0;0.0;0.0;0.0;0.0;0.0;0.0;0.0;0.0;0.0;0.0;0.0;0.0;0.0;0.0;0.0;0.0;0.0;0.0;19160.0;0.0;0.0;0.0;
13.400000000000736;0.0;0.0;0.0;0.0;0.0;0.0;0.0;0.0;0.0;0.0;0.0;0.0;0.0;0.0;0.0;0.0;0.0;0.0;0.0;0.0;0.0;0.0;0.0;0.0;19160.0;0.0;0.0;0.0;
13.500000000000751;0.0;0.0;0.0;0.0;0.0;0.0;0.0;0.0;0.0;0.0;0.0;0.0;0.0;0.0;0.0;0.0;0.0;0.0;0.0;0.0;0.0;0.0;0.0;0.0;19160.0;0.0;0.0;0.0;
13.600000000000767;0.0;0.0;0.0;0.0;0.0;0.0;0.0;0.0;0.0;0.0;0.0;0.0;0.0;0.0;0.0;0.0;0.0;0.0;0.0;0.0;0.0;0.0;0.0;0.0;19160.0;0.0;0.0;0.0;
13.700000000000783;0.0;0.0;0.0;0.0;0.0;0.0;0.0;0.0;0.0;0.0;0.0;0.0;0.0;0.0;0.0;0.0;0.0;0.0;0.0;0.0;0.0;0.0;0.0;0.0;19160.0;0.0;0.0;0.0;
13.800000000000798;0.0;0.0;0.0;0.0;0.0;0.0;0.0;0.0;0.0;0.0;0.0;0.0;0.0;0.0;0.0;0.0;0.0;0.0;0.0;0.0;0.0;0.0;0.0;0.0;19160.0;0.0;0.0;0.0;
13.900000000000814;0.0;0.0;0.0;0.0;0.0;0.0;0.0;0.0;0.0;0.0;0.0;0.0;0.0;0.0;0.0;0.0;0.0;0.0;0.0;0.0;0.0;0.0;0.0;0.0;19160.0;0.0;0.0;0.0;
14.00000000000083;0.0;0.0;0.0;0.0;0.0;0.0;0.0;0.0;0.0;0.0;0.0;0.0;0.0;0.0;0.0;0.0;0.0;0.0;0.0;0.0;0.0;0.0;0.0;0.0;19160.0;0.0;0.0;0.0;
14.100000000000845;0.0;0.0;0.0;0.0;0.0;0.0;0.0;0.0;0.0;0.0;0.0;0.0;0.0;0.0;0.0;0.0;0.0;0.0;0.0;0.0;0.0;0.0;0.0;0.0;19160.0;0.0;0.0;0.0;
14.20000000000086;0.0;0.0;0.0;0.0;0.0;0.0;0.0;0.0;0.0;0.0;0.0;0.0;0.0;0.0;0.0;0.0;0.0;0.0;0.0;0.0;0.0;0.0;0.0;0.0;19160.0;0.0;0.0;0.0;
14.300000000000876;0.0;0.0;0.0;0.0;0.0;0.0;0.0;0.0;0.0;0.0;0.0;0.0;0.0;0.0;0.0;0.0;0.0;0.0;0.0;0.0;0.0;0.0;0.0;0.0;19160.0;0.0;0.0;0.0;
14.400000000000892;0.0;0.0;0.0;0.0;0.0;0.0;0.0;0.0;0.0;0.0;0.0;0.0;0.0;0.0;0.0;0.0;0.0;0.0;0.0;0.0;0.0;0.0;0.0;0.0;19160.0;0.0;0.0;0.0;
14.500000000000908;0.0;0.0;0.0;0.0;0.0;0.0;0.0;0.0;0.0;0.0;0.0;0.0;0.0;0.0;0.0;0.0;0.0;0.0;0.0;0.0;0.0;0.0;0.0;0.0;19160.0;0.0;0.0;0.0;
14.600000000000923;0.0;0.0;0.0;0.0;0.0;0.0;0.0;0.0;0.0;0.0;0.0;0.0;0.0;0.0;0.0;0.0;0.0;0.0;0.0;0.0;0.0;0.0;0.0;0.0;19160.0;0.0;0.0;0.0;
14.700000000000939;0.0;0.0;0.0;0.0;0.0;0.0;0.0;0.0;0.0;0.0;0.0;0.0;0.0;0.0;0.0;0.0;0.0;0.0;0.0;0.0;0.0;0.0;0.0;0.0;19160.0;0.0;0.0;0.0;
14.800000000000955;0.0;0.0;0.0;0.0;0.0;0.0;0.0;0.0;0.0;0.0;0.0;0.0;0.0;0.0;0.0;0.0;0.0;0.0;0.0;0.0;0.0;0.0;0.0;0.0;19160.0;0.0;0.0;0.0;
14.90000000000097;0.0;0.0;0.0;0.0;0.0;0.0;0.0;0.0;0.0;0.0;0.0;0.0;0.0;0.0;0.0;0.0;0.0;0.0;0.0;0.0;0.0;0.0;0.0;0.0;19160.0;0.0;0.0;0.0;
15.000000000000986;0.0;0.0;0.0;0.0;0.0;0.0;0.0;0.0;0.0;0.0;0.0;0.0;0.0;0.0;0.0;0.0;0.0;0.0;0.0;0.0;0.0;0.0;0.0;0.0;19160.0;0.0;0.0;0.0;
15.100000000001002;0.0;0.0;0.0;0.0;0.0;0.0;0.0;0.0;0.0;0.0;0.0;0.0;0.0;0.0;0.0;0.0;0.0;0.0;0.0;0.0;0.0;0.0;0.0;0.0;19160.0;0.0;0.0;0.0;
15.200000000001017;0.0;0.0;0.0;0.0;0.0;0.0;0.0;0.0;0.0;0.0;0.0;0.0;0.0;0.0;0.0;0.0;0.0;0.0;0.0;0.0;0.0;0.0;0.0;0.0;19160.0;0.0;0.0;0.0;
15.300000000001033;0.0;0.0;0.0;0.0;0.0;0.0;0.0;0.0;0.0;0.0;0.0;0.0;0.0;0.0;0.0;0.0;0.0;0.0;0.0;0.0;0.0;0.0;0.0;0.0;19160.0;0.0;0.0;0.0;
15.400000000001048;0.0;0.0;0.0;0.0;0.0;0.0;0.0;0.0;0.0;0.0;0.0;0.0;0.0;0.0;0.0;0.0;0.0;0.0;0.0;0.0;0.0;0.0;0.0;0.0;19160.0;0.0;0.0;0.0;
15.500000000001064;0.0;0.0;0.0;0.0;0.0;0.0;0.0;0.0;0.0;0.0;0.0;0.0;0.0;0.0;0.0;0.0;0.0;0.0;0.0;0.0;0.0;0.0;0.0;0.0;19160.0;0.0;0.0;0.0;
15.60000000000108;0.0;0.0;0.0;0.0;0.0;0.0;0.0;0.0;0.0;0.0;0.0;0.0;0.0;0.0;0.0;0.0;0.0;0.0;0.0;0.0;0.0;0.0;0.0;0.0;19160.0;0.0;0.0;0.0;
15.700000000001095;0.0;0.0;0.0;0.0;0.0;0.0;0.0;0.0;0.0;0.0;0.0;0.0;0.0;0.0;0.0;0.0;0.0;0.0;0.0;0.0;0.0;0.0;0.0;0.0;19160.0;0.0;0.0;0.0;
15.800000000001111;0.0;0.0;0.0;0.0;0.0;0.0;0.0;0.0;0.0;0.0;0.0;0.0;0.0;0.0;0.0;0.0;0.0;0.0;0.0;0.0;0.0;0.0;0.0;0.0;19160.0;0.0;0.0;0.0;
15.900000000001127;0.0;0.0;0.0;0.0;0.0;0.0;0.0;0.0;0.0;0.0;0.0;0.0;0.0;0.0;0.0;0.0;0.0;0.0;0.0;0.0;0.0;0.0;0.0;0.0;19160.0;0.0;0.0;0.0;
16.00000000000114;0.0;0.0;0.0;0.0;0.0;0.0;0.0;0.0;0.0;0.0;0.0;0.0;0.0;0.0;0.0;0.0;0.0;0.0;0.0;0.0;0.0;0.0;0.0;0.0;19160.0;0.0;0.0;0.0;
16.100000000001156;0.0;0.0;0.0;0.0;0.0;0.0;0.0;0.0;0.0;0.0;0.0;0.0;0.0;0.0;0.0;0.0;0.0;0.0;0.0;0.0;0.0;0.0;0.0;0.0;19160.0;0.0;0.0;0.0;
16.20000000000117;0.0;0.0;0.0;0.0;0.0;0.0;0.0;0.0;0.0;0.0;0.0;0.0;0.0;0.0;0.0;0.0;0.0;0.0;0.0;0.0;0.0;0.0;0.0;0.0;19160.0;0.0;0.0;0.0;
16.300000000001187;0.0;0.0;0.0;0.0;0.0;0.0;0.0;0.0;0.0;0.0;0.0;0.0;0.0;0.0;0.0;0.0;0.0;0.0;0.0;0.0;0.0;0.0;0.0;0.0;19160.0;0.0;0.0;0.0;
16.400000000001203;0.0;0.0;0.0;0.0;0.0;0.0;0.0;0.0;0.0;0.0;0.0;0.0;0.0;0.0;0.0;0.0;0.0;0.0;0.0;0.0;0.0;0.0;0.0;0.0;19160.0;0.0;0.0;0.0;
16.50000000000122;0.0;0.0;0.0;0.0;0.0;0.0;0.0;0.0;0.0;0.0;0.0;0.0;0.0;0.0;0.0;0.0;0.0;0.0;0.0;0.0;0.0;0.0;0.0;0.0;19160.0;0.0;0.0;0.0;
16.600000000001234;0.0;0.0;0.0;0.0;0.0;0.0;0.0;0.0;0.0;0.0;0.0;0.0;0.0;0.0;0.0;0.0;0.0;0.0;0.0;0.0;0.0;0.0;0.0;0.0;19160.0;0.0;0.0;0.0;
16.70000000000125;0.0;0.0;0.0;0.0;0.0;0.0;0.0;0.0;0.0;0.0;0.0;0.0;0.0;0.0;0.0;0.0;0.0;0.0;0.0;0.0;0.0;0.0;0.0;0.0;19160.0;0.0;0.0;0.0;
16.800000000001265;0.0;0.0;0.0;0.0;0.0;0.0;0.0;0.0;0.0;0.0;0.0;0.0;0.0;0.0;0.0;0.0;0.0;0.0;0.0;0.0;0.0;0.0;0.0;0.0;19160.0;0.0;0.0;0.0;
16.90000000000128;0.0;0.0;0.0;0.0;0.0;0.0;0.0;0.0;0.0;0.0;0.0;0.0;0.0;0.0;0.0;0.0;0.0;0.0;0.0;0.0;0.0;0.0;0.0;0.0;19160.0;0.0;0.0;0.0;
17.000000000001297;0.0;0.0;0.0;0.0;0.0;0.0;0.0;0.0;0.0;0.0;0.0;0.0;0.0;0.0;0.0;0.0;0.0;0.0;0.0;0.0;0.0;0.0;0.0;0.0;19160.0;0.0;0.0;0.0;
17.100000000001312;0.0;0.0;0.0;0.0;0.0;0.0;0.0;0.0;0.0;0.0;0.0;0.0;0.0;0.0;0.0;0.0;0.0;0.0;0.0;0.0;0.0;0.0;0.0;0.0;19160.0;0.0;0.0;0.0;
17.200000000001328;0.0;0.0;0.0;0.0;0.0;0.0;0.0;0.0;0.0;0.0;0.0;0.0;0.0;0.0;0.0;0.0;0.0;0.0;0.0;0.0;0.0;0.0;0.0;0.0;19160.0;0.0;0.0;0.0;
17.300000000001344;0.0;0.0;0.0;0.0;0.0;0.0;0.0;0.0;0.0;0.0;0.0;0.0;0.0;0.0;0.0;0.0;0.0;0.0;0.0;0.0;0.0;0.0;0.0;0.0;19160.0;0.0;0.0;0.0;
17.40000000000136;0.0;0.0;0.0;0.0;0.0;0.0;0.0;0.0;0.0;0.0;0.0;0.0;0.0;0.0;0.0;0.0;0.0;0.0;0.0;0.0;0.0;0.0;0.0;0.0;19160.0;0.0;0.0;0.0;
17.500000000001375;0.0;0.0;0.0;0.0;0.0;0.0;0.0;0.0;0.0;0.0;0.0;0.0;0.0;0.0;0.0;0.0;0.0;0.0;0.0;0.0;0.0;0.0;0.0;0.0;19160.0;0.0;0.0;0.0;
17.60000000000139;0.0;0.0;0.0;0.0;0.0;0.0;0.0;0.0;0.0;0.0;0.0;0.0;0.0;0.0;0.0;0.0;0.0;0.0;0.0;0.0;0.0;0.0;0.0;0.0;19160.0;0.0;0.0;0.0;
17.700000000001406;0.0;0.0;0.0;0.0;0.0;0.0;0.0;0.0;0.0;0.0;0.0;0.0;0.0;0.0;0.0;0.0;0.0;0.0;0.0;0.0;0.0;0.0;0.0;0.0;19160.0;0.0;0.0;0.0;
17.800000000001422;0.0;0.0;0.0;0.0;0.0;0.0;0.0;0.0;0.0;0.0;0.0;0.0;0.0;0.0;0.0;0.0;0.0;0.0;0.0;0.0;0.0;0.0;0.0;0.0;19160.0;0.0;0.0;0.0;
17.900000000001437;0.0;0.0;0.0;0.0;0.0;0.0;0.0;0.0;0.0;0.0;0.0;0.0;0.0;0.0;0.0;0.0;0.0;0.0;0.0;0.0;0.0;0.0;0.0;0.0;19160.0;0.0;0.0;0.0;
18.000000000001453;0.0;0.0;0.0;0.0;0.0;0.0;0.0;0.0;0.0;0.0;0.0;0.0;0.0;0.0;0.0;0.0;0.0;0.0;0.0;0.0;0.0;0.0;0.0;0.0;19160.0;0.0;0.0;0.0;
18.10000000000147;0.0;0.0;0.0;0.0;0.0;0.0;0.0;0.0;0.0;0.0;0.0;0.0;0.0;0.0;0.0;0.0;0.0;0.0;0.0;0.0;0.0;0.0;0.0;0.0;19160.0;0.0;0.0;0.0;
18.200000000001484;0.0;0.0;0.0;0.0;0.0;0.0;0.0;0.0;0.0;0.0;0.0;0.0;0.0;0.0;0.0;0.0;0.0;0.0;0.0;0.0;0.0;0.0;0.0;0.0;19160.0;0.0;0.0;0.0;
18.3000000000015;0.0;0.0;0.0;0.0;0.0;0.0;0.0;0.0;0.0;0.0;0.0;0.0;0.0;0.0;0.0;0.0;0.0;0.0;0.0;0.0;0.0;0.0;0.0;0.0;19160.0;0.0;0.0;0.0;
18.400000000001516;0.0;0.0;0.0;0.0;0.0;0.0;0.0;0.0;0.0;0.0;0.0;0.0;0.0;0.0;0.0;0.0;0.0;0.0;0.0;0.0;0.0;0.0;0.0;0.0;19160.0;0.0;0.0;0.0;
18.50000000000153;0.0;0.0;0.0;0.0;0.0;0.0;0.0;0.0;0.0;0.0;0.0;0.0;0.0;0.0;0.0;0.0;0.0;0.0;0.0;0.0;0.0;0.0;0.0;0.0;19160.0;0.0;0.0;0.0;
18.600000000001547;0.0;0.0;0.0;0.0;0.0;0.0;0.0;0.0;0.0;0.0;0.0;0.0;0.0;0.0;0.0;0.0;0.0;0.0;0.0;0.0;0.0;0.0;0.0;0.0;19160.0;0.0;0.0;0.0;
18.700000000001562;0.0;0.0;0.0;0.0;0.0;0.0;0.0;0.0;0.0;0.0;0.0;0.0;0.0;0.0;0.0;0.0;0.0;0.0;0.0;0.0;0.0;0.0;0.0;0.0;19160.0;0.0;0.0;0.0;
18.800000000001578;0.0;0.0;0.0;0.0;0.0;0.0;0.0;0.0;0.0;0.0;0.0;0.0;0.0;0.0;0.0;0.0;0.0;0.0;0.0;0.0;0.0;0.0;0.0;0.0;19160.0;0.0;0.0;0.0;
18.900000000001594;0.0;0.0;0.0;0.0;0.0;0.0;0.0;0.0;0.0;0.0;0.0;0.0;0.0;0.0;0.0;0.0;0.0;0.0;0.0;0.0;0.0;0.0;0.0;0.0;19160.0;0.0;0.0;0.0;
19.00000000000161;0.0;0.0;0.0;0.0;0.0;0.0;0.0;0.0;0.0;0.0;0.0;0.0;0.0;0.0;0.0;0.0;0.0;0.0;0.0;0.0;0.0;0.0;0.0;0.0;19160.0;0.0;0.0;0.0;
19.100000000001625;0.0;0.0;0.0;0.0;0.0;0.0;0.0;0.0;0.0;0.0;0.0;0.0;0.0;0.0;0.0;0.0;0.0;0.0;0.0;0.0;0.0;0.0;0.0;0.0;19160.0;0.0;0.0;0.0;
19.20000000000164;0.0;0.0;0.0;0.0;0.0;0.0;0.0;0.0;0.0;0.0;0.0;0.0;0.0;0.0;0.0;0.0;0.0;0.0;0.0;0.0;0.0;0.0;0.0;0.0;19160.0;0.0;0.0;0.0;
19.300000000001656;0.0;0.0;0.0;0.0;0.0;0.0;0.0;0.0;0.0;0.0;0.0;0.0;0.0;0.0;0.0;0.0;0.0;0.0;0.0;0.0;0.0;0.0;0.0;0.0;19160.0;0.0;0.0;0.0;
19.400000000001672;0.0;0.0;0.0;0.0;0.0;0.0;0.0;0.0;0.0;0.0;0.0;0.0;0.0;0.0;0.0;0.0;0.0;0.0;0.0;0.0;0.0;0.0;0.0;0.0;19160.0;0.0;0.0;0.0;
19.500000000001688;0.0;0.0;0.0;0.0;0.0;0.0;0.0;0.0;0.0;0.0;0.0;0.0;0.0;0.0;0.0;0.0;0.0;0.0;0.0;0.0;0.0;0.0;0.0;0.0;19160.0;0.0;0.0;0.0;
19.600000000001703;0.0;0.0;0.0;0.0;0.0;0.0;0.0;0.0;0.0;0.0;0.0;0.0;0.0;0.0;0.0;0.0;0.0;0.0;0.0;0.0;0.0;0.0;0.0;0.0;19160.0;0.0;0.0;0.0;
19.70000000000172;0.0;0.0;0.0;0.0;0.0;0.0;0.0;0.0;0.0;0.0;0.0;0.0;0.0;0.0;0.0;0.0;0.0;0.0;0.0;0.0;0.0;0.0;0.0;0.0;19160.0;0.0;0.0;0.0;
19.800000000001734;0.0;0.0;0.0;0.0;0.0;0.0;0.0;0.0;0.0;0.0;0.0;0.0;0.0;0.0;0.0;0.0;0.0;0.0;0.0;0.0;0.0;0.0;0.0;0.0;19160.0;0.0;0.0;0.0;
19.90000000000175;0.0;0.0;0.0;0.0;0.0;0.0;0.0;0.0;0.0;0.0;0.0;0.0;0.0;0.0;0.0;0.0;0.0;0.0;0.0;0.0;0.0;0.0;0.0;0.0;19160.0;0.0;0.0;0.0;
20.000000000001766;0.0;0.0;0.0;0.0;0.0;0.0;0.0;0.0;0.0;0.0;0.0;0.0;0.0;0.0;0.0;0.0;0.0;0.0;0.0;0.0;0.0;0.0;0.0;0.0;19160.0;0.0;0.0;0.0;
20.10000000000178;0.0;0.0;0.0;0.0;0.0;0.0;0.0;0.0;0.0;0.0;0.0;0.0;0.0;0.0;0.0;0.0;0.0;0.0;0.0;0.0;0.0;0.0;0.0;0.0;19160.0;0.0;0.0;0.0;
20.200000000001797;0.0;0.0;0.0;0.0;0.0;0.0;0.0;0.0;0.0;0.0;0.0;0.0;0.0;0.0;0.0;0.0;0.0;0.0;0.0;0.0;0.0;0.0;0.0;0.0;19160.0;0.0;0.0;0.0;
20.300000000001813;0.0;0.0;0.0;0.0;0.0;0.0;0.0;0.0;0.0;0.0;0.0;0.0;0.0;0.0;0.0;0.0;0.0;0.0;0.0;0.0;0.0;0.0;0.0;0.0;19160.0;0.0;0.0;0.0;
20.40000000000183;0.0;0.0;0.0;0.0;0.0;0.0;0.0;0.0;0.0;0.0;0.0;0.0;0.0;0.0;0.0;0.0;0.0;0.0;0.0;0.0;0.0;0.0;0.0;0.0;19160.0;0.0;0.0;0.0;
20.500000000001844;0.0;0.0;0.0;0.0;0.0;0.0;0.0;0.0;0.0;0.0;0.0;0.0;0.0;0.0;0.0;0.0;0.0;0.0;0.0;0.0;0.0;0.0;0.0;0.0;19160.0;0.0;0.0;0.0;
20.60000000000186;0.0;0.0;0.0;0.0;0.0;0.0;0.0;0.0;0.0;0.0;0.0;0.0;0.0;0.0;0.0;0.0;0.0;0.0;0.0;0.0;0.0;0.0;0.0;0.0;19160.0;0.0;0.0;0.0;
20.700000000001875;0.0;0.0;0.0;0.0;0.0;0.0;0.0;0.0;0.0;0.0;0.0;0.0;0.0;0.0;0.0;0.0;0.0;0.0;0.0;0.0;0.0;0.0;0.0;0.0;19160.0;0.0;0.0;0.0;
20.80000000000189;0.0;0.0;0.0;0.0;0.0;0.0;0.0;0.0;0.0;0.0;0.0;0.0;0.0;0.0;0.0;0.0;0.0;0.0;0.0;0.0;0.0;0.0;0.0;0.0;19160.0;0.0;0.0;0.0;
20.900000000001906;0.0;0.0;0.0;0.0;0.0;0.0;0.0;0.0;0.0;0.0;0.0;0.0;0.0;0.0;0.0;0.0;0.0;0.0;0.0;0.0;0.0;0.0;0.0;0.0;19160.0;0.0;0.0;0.0;
21.000000000001922;0.0;0.0;0.0;0.0;0.0;0.0;0.0;0.0;0.0;0.0;0.0;0.0;0.0;0.0;0.0;0.0;0.0;0.0;0.0;0.0;0.0;0.0;0.0;0.0;19160.0;0.0;0.0;0.0;
21.100000000001938;0.0;0.0;0.0;0.0;0.0;0.0;0.0;0.0;0.0;0.0;0.0;0.0;0.0;0.0;0.0;0.0;0.0;0.0;0.0;0.0;0.0;0.0;0.0;0.0;19160.0;0.0;0.0;0.0;
21.200000000001953;0.0;0.0;0.0;0.0;0.0;0.0;0.0;0.0;0.0;0.0;0.0;0.0;0.0;0.0;0.0;0.0;0.0;0.0;0.0;0.0;0.0;0.0;0.0;0.0;19160.0;0.0;0.0;0.0;
21.30000000000197;0.0;0.0;0.0;0.0;0.0;0.0;0.0;0.0;0.0;0.0;0.0;0.0;0.0;0.0;0.0;0.0;0.0;0.0;0.0;0.0;0.0;0.0;0.0;0.0;19160.0;0.0;0.0;0.0;
21.400000000001985;0.0;0.0;0.0;0.0;0.0;0.0;0.0;0.0;0.0;0.0;0.0;0.0;0.0;0.0;0.0;0.0;0.0;0.0;0.0;0.0;0.0;0.0;0.0;0.0;19160.0;0.0;0.0;0.0;
21.500000000002;0.0;0.0;0.0;0.0;0.0;0.0;0.0;0.0;0.0;0.0;0.0;0.0;0.0;0.0;0.0;0.0;0.0;0.0;0.0;0.0;0.0;0.0;0.0;0.0;19160.0;0.0;0.0;0.0;
21.600000000002016;0.0;0.0;0.0;0.0;0.0;0.0;0.0;0.0;0.0;0.0;0.0;0.0;0.0;0.0;0.0;0.0;0.0;0.0;0.0;0.0;0.0;0.0;0.0;0.0;19160.0;0.0;0.0;0.0;
21.70000000000203;0.0;0.0;0.0;0.0;0.0;0.0;0.0;0.0;0.0;0.0;0.0;0.0;0.0;0.0;0.0;0.0;0.0;0.0;0.0;0.0;0.0;0.0;0.0;0.0;19160.0;0.0;0.0;0.0;
21.800000000002047;0.0;0.0;0.0;0.0;0.0;0.0;0.0;0.0;0.0;0.0;0.0;0.0;0.0;0.0;0.0;0.0;0.0;0.0;0.0;0.0;0.0;0.0;0.0;0.0;19160.0;0.0;0.0;0.0;
21.900000000002063;0.0;0.0;0.0;0.0;0.0;0.0;0.0;0.0;0.0;0.0;0.0;0.0;0.0;0.0;0.0;0.0;0.0;0.0;0.0;0.0;0.0;0.0;0.0;0.0;19160.0;0.0;0.0;0.0;
22.00000000000208;0.0;0.0;0.0;0.0;0.0;0.0;0.0;0.0;0.0;0.0;0.0;0.0;0.0;0.0;0.0;0.0;0.0;0.0;0.0;0.0;0.0;0.0;0.0;0.0;19160.0;0.0;0.0;0.0;
22.100000000002094;0.0;0.0;0.0;0.0;0.0;0.0;0.0;0.0;0.0;0.0;0.0;0.0;0.0;0.0;0.0;0.0;0.0;0.0;0.0;0.0;0.0;0.0;0.0;0.0;19160.0;0.0;0.0;0.0;
22.20000000000211;0.0;0.0;0.0;0.0;0.0;0.0;0.0;0.0;0.0;0.0;0.0;0.0;0.0;0.0;0.0;0.0;0.0;0.0;0.0;0.0;0.0;0.0;0.0;0.0;19160.0;0.0;0.0;0.0;
22.300000000002125;0.0;0.0;0.0;0.0;0.0;0.0;0.0;0.0;0.0;0.0;0.0;0.0;0.0;0.0;0.0;0.0;0.0;0.0;0.0;0.0;0.0;0.0;0.0;0.0;19160.0;0.0;0.0;0.0;
22.40000000000214;0.0;0.0;0.0;0.0;0.0;0.0;0.0;0.0;0.0;0.0;0.0;0.0;0.0;0.0;0.0;0.0;0.0;0.0;0.0;0.0;0.0;0.0;0.0;0.0;19160.0;0.0;0.0;0.0;
22.500000000002156;0.0;0.0;0.0;0.0;0.0;0.0;0.0;0.0;0.0;0.0;0.0;0.0;0.0;0.0;0.0;0.0;0.0;0.0;0.0;0.0;0.0;0.0;0.0;0.0;19160.0;0.0;0.0;0.0;
22.600000000002172;0.0;0.0;0.0;0.0;0.0;0.0;0.0;0.0;0.0;0.0;0.0;0.0;0.0;0.0;0.0;0.0;0.0;0.0;0.0;0.0;0.0;0.0;0.0;0.0;19160.0;0.0;0.0;0.0;
22.700000000002188;0.0;0.0;0.0;0.0;0.0;0.0;0.0;0.0;0.0;0.0;0.0;0.0;0.0;0.0;0.0;0.0;0.0;0.0;0.0;0.0;0.0;0.0;0.0;0.0;19160.0;0.0;0.0;0.0;
22.800000000002203;0.0;0.0;0.0;0.0;0.0;0.0;0.0;0.0;0.0;0.0;0.0;0.0;0.0;0.0;0.0;0.0;0.0;0.0;0.0;0.0;0.0;0.0;0.0;0.0;19160.0;0.0;0.0;0.0;
22.90000000000222;0.0;0.0;0.0;0.0;0.0;0.0;0.0;0.0;0.0;0.0;0.0;0.0;0.0;0.0;0.0;0.0;0.0;0.0;0.0;0.0;0.0;0.0;0.0;0.0;19160.0;0.0;0.0;0.0;
23.000000000002235;0.0;0.0;0.0;0.0;0.0;0.0;0.0;0.0;0.0;0.0;0.0;0.0;0.0;0.0;0.0;0.0;0.0;0.0;0.0;0.0;0.0;0.0;0.0;0.0;19160.0;0.0;0.0;0.0;
23.10000000000225;0.0;0.0;0.0;0.0;0.0;0.0;0.0;0.0;0.0;0.0;0.0;0.0;0.0;0.0;0.0;0.0;0.0;0.0;0.0;0.0;0.0;0.0;0.0;0.0;19160.0;0.0;0.0;0.0;
23.200000000002266;0.0;0.0;0.0;0.0;0.0;0.0;0.0;0.0;0.0;0.0;0.0;0.0;0.0;0.0;0.0;0.0;0.0;0.0;0.0;0.0;0.0;0.0;0.0;0.0;19160.0;0.0;0.0;0.0;
23.30000000000228;0.0;0.0;0.0;0.0;0.0;0.0;0.0;0.0;0.0;0.0;0.0;0.0;0.0;0.0;0.0;0.0;0.0;0.0;0.0;0.0;0.0;0.0;0.0;0.0;19160.0;0.0;0.0;0.0;
23.400000000002297;0.0;0.0;0.0;0.0;0.0;0.0;0.0;0.0;0.0;0.0;0.0;0.0;0.0;0.0;0.0;0.0;0.0;0.0;0.0;0.0;0.0;0.0;0.0;0.0;19160.0;0.0;0.0;0.0;
23.500000000002313;0.0;0.0;0.0;0.0;0.0;0.0;0.0;0.0;0.0;0.0;0.0;0.0;0.0;0.0;0.0;0.0;0.0;0.0;0.0;0.0;0.0;0.0;0.0;0.0;19160.0;0.0;0.0;0.0;
23.60000000000233;0.0;0.0;0.0;0.0;0.0;0.0;0.0;0.0;0.0;0.0;0.0;0.0;0.0;0.0;0.0;0.0;0.0;0.0;0.0;0.0;0.0;0.0;0.0;0.0;19160.0;0.0;0.0;0.0;
23.700000000002344;0.0;0.0;0.0;0.0;0.0;0.0;0.0;0.0;0.0;0.0;0.0;0.0;0.0;0.0;0.0;0.0;0.0;0.0;0.0;0.0;0.0;0.0;0.0;0.0;19160.0;0.0;0.0;0.0;
23.80000000000236;0.0;0.0;0.0;0.0;0.0;0.0;0.0;0.0;0.0;0.0;0.0;0.0;0.0;0.0;0.0;0.0;0.0;0.0;0.0;0.0;0.0;0.0;0.0;0.0;19160.0;0.0;0.0;0.0;
23.900000000002375;0.0;0.0;0.0;0.0;0.0;0.0;0.0;0.0;0.0;0.0;0.0;0.0;0.0;0.0;0.0;0.0;0.0;0.0;0.0;0.0;0.0;0.0;0.0;0.0;19160.0;0.0;0.0;0.0;
24.00000000000239;0.0;0.0;0.0;0.0;0.0;0.0;0.0;0.0;0.0;0.0;0.0;0.0;0.0;0.0;0.0;0.0;0.0;0.0;0.0;0.0;0.0;0.0;0.0;0.0;19160.0;0.0;0.0;0.0;
24.100000000002407;0.0;0.0;0.0;0.0;0.0;0.0;0.0;0.0;0.0;0.0;0.0;0.0;0.0;0.0;0.0;0.0;0.0;0.0;0.0;0.0;0.0;0.0;0.0;0.0;19160.0;0.0;0.0;0.0;
24.200000000002422;0.0;0.0;0.0;0.0;0.0;0.0;0.0;0.0;0.0;0.0;0.0;0.0;0.0;0.0;0.0;0.0;0.0;0.0;0.0;0.0;0.0;0.0;0.0;0.0;19160.0;0.0;0.0;0.0;
24.300000000002438;0.0;0.0;0.0;0.0;0.0;0.0;0.0;0.0;0.0;0.0;0.0;0.0;0.0;0.0;0.0;0.0;0.0;0.0;0.0;0.0;0.0;0.0;0.0;0.0;19160.0;0.0;0.0;0.0;
24.400000000002454;0.0;0.0;0.0;0.0;0.0;0.0;0.0;0.0;0.0;0.0;0.0;0.0;0.0;0.0;0.0;0.0;0.0;0.0;0.0;0.0;0.0;0.0;0.0;0.0;19160.0;0.0;0.0;0.0;
24.50000000000247;0.0;0.0;0.0;0.0;0.0;0.0;0.0;0.0;0.0;0.0;0.0;0.0;0.0;0.0;0.0;0.0;0.0;0.0;0.0;0.0;0.0;0.0;0.0;0.0;19160.0;0.0;0.0;0.0;
24.600000000002485;0.0;0.0;0.0;0.0;0.0;0.0;0.0;0.0;0.0;0.0;0.0;0.0;0.0;0.0;0.0;0.0;0.0;0.0;0.0;0.0;0.0;0.0;0.0;0.0;19160.0;0.0;0.0;0.0;
24.7000000000025;0.0;0.0;0.0;0.0;0.0;0.0;0.0;0.0;0.0;0.0;0.0;0.0;0.0;0.0;0.0;0.0;0.0;0.0;0.0;0.0;0.0;0.0;0.0;0.0;19160.0;0.0;0.0;0.0;
24.800000000002516;0.0;0.0;0.0;0.0;0.0;0.0;0.0;0.0;0.0;0.0;0.0;0.0;0.0;0.0;0.0;0.0;0.0;0.0;0.0;0.0;0.0;0.0;0.0;0.0;19160.0;0.0;0.0;0.0;
24.90000000000253;0.0;0.0;0.0;0.0;0.0;0.0;0.0;0.0;0.0;0.0;0.0;0.0;0.0;0.0;0.0;0.0;0.0;0.0;0.0;0.0;0.0;0.0;0.0;0.0;19160.0;0.0;0.0;0.0;
25.000000000002547;0.0;0.0;0.0;0.0;0.0;0.0;0.0;0.0;0.0;0.0;0.0;0.0;0.0;0.0;0.0;0.0;0.0;0.0;0.0;0.0;0.0;0.0;0.0;0.0;19160.0;0.0;0.0;0.0;
25.100000000002563;0.0;0.0;0.0;0.0;0.0;0.0;0.0;0.0;0.0;0.0;0.0;0.0;0.0;0.0;0.0;0.0;0.0;0.0;0.0;0.0;0.0;0.0;0.0;0.0;19160.0;0.0;0.0;0.0;
25.20000000000258;0.0;0.0;0.0;0.0;0.0;0.0;0.0;0.0;0.0;0.0;0.0;0.0;0.0;0.0;0.0;0.0;0.0;0.0;0.0;0.0;0.0;0.0;0.0;0.0;19160.0;0.0;0.0;0.0;
25.300000000002594;0.0;0.0;0.0;0.0;0.0;0.0;0.0;0.0;0.0;0.0;0.0;0.0;0.0;0.0;0.0;0.0;0.0;0.0;0.0;0.0;0.0;0.0;0.0;0.0;19160.0;0.0;0.0;0.0;
25.40000000000261;0.0;0.0;0.0;0.0;0.0;0.0;0.0;0.0;0.0;0.0;0.0;0.0;0.0;0.0;0.0;0.0;0.0;0.0;0.0;0.0;0.0;0.0;0.0;0.0;19160.0;0.0;0.0;0.0;
25.500000000002625;0.0;0.0;0.0;0.0;0.0;0.0;0.0;0.0;0.0;0.0;0.0;0.0;0.0;0.0;0.0;0.0;0.0;0.0;0.0;0.0;0.0;0.0;0.0;0.0;19160.0;0.0;0.0;0.0;
25.60000000000264;0.0;0.0;0.0;0.0;0.0;0.0;0.0;0.0;0.0;0.0;0.0;0.0;0.0;0.0;0.0;0.0;0.0;0.0;0.0;0.0;0.0;0.0;0.0;0.0;19160.0;0.0;0.0;0.0;
25.700000000002657;0.0;0.0;0.0;0.0;0.0;0.0;0.0;0.0;0.0;0.0;0.0;0.0;0.0;0.0;0.0;0.0;0.0;0.0;0.0;0.0;0.0;0.0;0.0;0.0;19160.0;0.0;0.0;0.0;
25.800000000002672;0.0;0.0;0.0;0.0;0.0;0.0;0.0;0.0;0.0;0.0;0.0;0.0;0.0;0.0;0.0;0.0;0.0;0.0;0.0;0.0;0.0;0.0;0.0;0.0;19160.0;0.0;0.0;0.0;
25.900000000002688;0.0;0.0;0.0;0.0;0.0;0.0;0.0;0.0;0.0;0.0;0.0;0.0;0.0;0.0;0.0;0.0;0.0;0.0;0.0;0.0;0.0;0.0;0.0;0.0;19160.0;0.0;0.0;0.0;
26.000000000002704;0.0;0.0;0.0;0.0;0.0;0.0;0.0;0.0;0.0;0.0;0.0;0.0;0.0;0.0;0.0;0.0;0.0;0.0;0.0;0.0;0.0;0.0;0.0;0.0;19160.0;0.0;0.0;0.0;
26.10000000000272;0.0;0.0;0.0;0.0;0.0;0.0;0.0;0.0;0.0;0.0;0.0;0.0;0.0;0.0;0.0;0.0;0.0;0.0;0.0;0.0;0.0;0.0;0.0;0.0;19160.0;0.0;0.0;0.0;
26.200000000002735;0.0;0.0;0.0;0.0;0.0;0.0;0.0;0.0;0.0;0.0;0.0;0.0;0.0;0.0;0.0;0.0;0.0;0.0;0.0;0.0;0.0;0.0;0.0;0.0;19160.0;0.0;0.0;0.0;
26.30000000000275;0.0;0.0;0.0;0.0;0.0;0.0;0.0;0.0;0.0;0.0;0.0;0.0;0.0;0.0;0.0;0.0;0.0;0.0;0.0;0.0;0.0;0.0;0.0;0.0;19160.0;0.0;0.0;0.0;
26.400000000002766;0.0;0.0;0.0;0.0;0.0;0.0;0.0;0.0;0.0;0.0;0.0;0.0;0.0;0.0;0.0;0.0;0.0;0.0;0.0;0.0;0.0;0.0;0.0;0.0;19160.0;0.0;0.0;0.0;
26.50000000000278;0.0;0.0;0.0;0.0;0.0;0.0;0.0;0.0;0.0;0.0;0.0;0.0;0.0;0.0;0.0;0.0;0.0;0.0;0.0;0.0;0.0;0.0;0.0;0.0;19160.0;0.0;0.0;0.0;
26.600000000002797;0.0;0.0;0.0;0.0;0.0;0.0;0.0;0.0;0.0;0.0;0.0;0.0;0.0;0.0;0.0;0.0;0.0;0.0;0.0;0.0;0.0;0.0;0.0;0.0;19160.0;0.0;0.0;0.0;
26.700000000002813;0.0;0.0;0.0;0.0;0.0;0.0;0.0;0.0;0.0;0.0;0.0;0.0;0.0;0.0;0.0;0.0;0.0;0.0;0.0;0.0;0.0;0.0;0.0;0.0;19160.0;0.0;0.0;0.0;
26.80000000000283;0.0;0.0;0.0;0.0;0.0;0.0;0.0;0.0;0.0;0.0;0.0;0.0;0.0;0.0;0.0;0.0;0.0;0.0;0.0;0.0;0.0;0.0;0.0;0.0;19160.0;0.0;0.0;0.0;
26.900000000002844;0.0;0.0;0.0;0.0;0.0;0.0;0.0;0.0;0.0;0.0;0.0;0.0;0.0;0.0;0.0;0.0;0.0;0.0;0.0;0.0;0.0;0.0;0.0;0.0;19160.0;0.0;0.0;0.0;
27.00000000000286;0.0;0.0;0.0;0.0;0.0;0.0;0.0;0.0;0.0;0.0;0.0;0.0;0.0;0.0;0.0;0.0;0.0;0.0;0.0;0.0;0.0;0.0;0.0;0.0;19160.0;0.0;0.0;0.0;
27.100000000002876;0.0;0.0;0.0;0.0;0.0;0.0;0.0;0.0;0.0;0.0;0.0;0.0;0.0;0.0;0.0;0.0;0.0;0.0;0.0;0.0;0.0;0.0;0.0;0.0;19160.0;0.0;0.0;0.0;
27.20000000000289;0.0;0.0;0.0;0.0;0.0;0.0;0.0;0.0;0.0;0.0;0.0;0.0;0.0;0.0;0.0;0.0;0.0;0.0;0.0;0.0;0.0;0.0;0.0;0.0;19160.0;0.0;0.0;0.0;
27.300000000002907;0.0;0.0;0.0;0.0;0.0;0.0;0.0;0.0;0.0;0.0;0.0;0.0;0.0;0.0;0.0;0.0;0.0;0.0;0.0;0.0;0.0;0.0;0.0;0.0;19160.0;0.0;0.0;0.0;
27.400000000002922;0.0;0.0;0.0;0.0;0.0;0.0;0.0;0.0;0.0;0.0;0.0;0.0;0.0;0.0;0.0;0.0;0.0;0.0;0.0;0.0;0.0;0.0;0.0;0.0;19160.0;0.0;0.0;0.0;
27.500000000002938;0.0;0.0;0.0;0.0;0.0;0.0;0.0;0.0;0.0;0.0;0.0;0.0;0.0;0.0;0.0;0.0;0.0;0.0;0.0;0.0;0.0;0.0;0.0;0.0;19160.0;0.0;0.0;0.0;
27.600000000002954;0.0;0.0;0.0;0.0;0.0;0.0;0.0;0.0;0.0;0.0;0.0;0.0;0.0;0.0;0.0;0.0;0.0;0.0;0.0;0.0;0.0;0.0;0.0;0.0;19160.0;0.0;0.0;0.0;
27.70000000000297;0.0;0.0;0.0;0.0;0.0;0.0;0.0;0.0;0.0;0.0;0.0;0.0;0.0;0.0;0.0;0.0;0.0;0.0;0.0;0.0;0.0;0.0;0.0;0.0;19160.0;0.0;0.0;0.0;
27.800000000002985;0.0;0.0;0.0;0.0;0.0;0.0;0.0;0.0;0.0;0.0;0.0;0.0;0.0;0.0;0.0;0.0;0.0;0.0;0.0;0.0;0.0;0.0;0.0;0.0;19160.0;0.0;0.0;0.0;
27.900000000003;0.0;0.0;0.0;0.0;0.0;0.0;0.0;0.0;0.0;0.0;0.0;0.0;0.0;0.0;0.0;0.0;0.0;0.0;0.0;0.0;0.0;0.0;0.0;0.0;19160.0;0.0;0.0;0.0;
28.000000000003016;0.0;0.0;0.0;0.0;0.0;0.0;0.0;0.0;0.0;0.0;0.0;0.0;0.0;0.0;0.0;0.0;0.0;0.0;0.0;0.0;0.0;0.0;0.0;0.0;19160.0;0.0;0.0;0.0;
28.100000000003032;0.0;0.0;0.0;0.0;0.0;0.0;0.0;0.0;0.0;0.0;0.0;0.0;0.0;0.0;0.0;0.0;0.0;0.0;0.0;0.0;0.0;0.0;0.0;0.0;19160.0;0.0;0.0;0.0;
28.200000000003048;0.0;0.0;0.0;0.0;0.0;0.0;0.0;0.0;0.0;0.0;0.0;0.0;0.0;0.0;0.0;0.0;0.0;0.0;0.0;0.0;0.0;0.0;0.0;0.0;19160.0;0.0;0.0;0.0;
28.300000000003063;0.0;0.0;0.0;0.0;0.0;0.0;0.0;0.0;0.0;0.0;0.0;0.0;0.0;0.0;0.0;0.0;0.0;0.0;0.0;0.0;0.0;0.0;0.0;0.0;19160.0;0.0;0.0;0.0;
28.40000000000308;0.0;0.0;0.0;0.0;0.0;0.0;0.0;0.0;0.0;0.0;0.0;0.0;0.0;0.0;0.0;0.0;0.0;0.0;0.0;0.0;0.0;0.0;0.0;0.0;19160.0;0.0;0.0;0.0;
28.500000000003094;0.0;0.0;0.0;0.0;0.0;0.0;0.0;0.0;0.0;0.0;0.0;0.0;0.0;0.0;0.0;0.0;0.0;0.0;0.0;0.0;0.0;0.0;0.0;0.0;19160.0;0.0;0.0;0.0;
28.60000000000311;0.0;0.0;0.0;0.0;0.0;0.0;0.0;0.0;0.0;0.0;0.0;0.0;0.0;0.0;0.0;0.0;0.0;0.0;0.0;0.0;0.0;0.0;0.0;0.0;19160.0;0.0;0.0;0.0;
28.700000000003126;0.0;0.0;0.0;0.0;0.0;0.0;0.0;0.0;0.0;0.0;0.0;0.0;0.0;0.0;0.0;0.0;0.0;0.0;0.0;0.0;0.0;0.0;0.0;0.0;19160.0;0.0;0.0;0.0;
28.80000000000314;0.0;0.0;0.0;0.0;0.0;0.0;0.0;0.0;0.0;0.0;0.0;0.0;0.0;0.0;0.0;0.0;0.0;0.0;0.0;0.0;0.0;0.0;0.0;0.0;19160.0;0.0;0.0;0.0;
28.900000000003157;0.0;0.0;0.0;0.0;0.0;0.0;0.0;0.0;0.0;0.0;0.0;0.0;0.0;0.0;0.0;0.0;0.0;0.0;0.0;0.0;0.0;0.0;0.0;0.0;19160.0;0.0;0.0;0.0;
29.000000000003173;0.0;0.0;0.0;0.0;0.0;0.0;0.0;0.0;0.0;0.0;0.0;0.0;0.0;0.0;0.0;0.0;0.0;0.0;0.0;0.0;0.0;0.0;0.0;0.0;19160.0;0.0;0.0;0.0;
29.100000000003188;0.0;0.0;0.0;0.0;0.0;0.0;0.0;0.0;0.0;0.0;0.0;0.0;0.0;0.0;0.0;0.0;0.0;0.0;0.0;0.0;0.0;0.0;0.0;0.0;19160.0;0.0;0.0;0.0;
29.200000000003204;0.0;0.0;0.0;0.0;0.0;0.0;0.0;0.0;0.0;0.0;0.0;0.0;0.0;0.0;0.0;0.0;0.0;0.0;0.0;0.0;0.0;0.0;0.0;0.0;19160.0;0.0;0.0;0.0;
29.30000000000322;0.0;0.0;0.0;0.0;0.0;0.0;0.0;0.0;0.0;0.0;0.0;0.0;0.0;0.0;0.0;0.0;0.0;0.0;0.0;0.0;0.0;0.0;0.0;0.0;19160.0;0.0;0.0;0.0;
29.400000000003235;0.0;0.0;0.0;0.0;0.0;0.0;0.0;0.0;0.0;0.0;0.0;0.0;0.0;0.0;0.0;0.0;0.0;0.0;0.0;0.0;0.0;0.0;0.0;0.0;19160.0;0.0;0.0;0.0;
29.50000000000325;0.0;0.0;0.0;0.0;0.0;0.0;0.0;0.0;0.0;0.0;0.0;0.0;0.0;0.0;0.0;0.0;0.0;0.0;0.0;0.0;0.0;0.0;0.0;0.0;19160.0;0.0;0.0;0.0;
29.600000000003266;0.0;0.0;0.0;0.0;0.0;0.0;0.0;0.0;0.0;0.0;0.0;0.0;0.0;0.0;0.0;0.0;0.0;0.0;0.0;0.0;0.0;0.0;0.0;0.0;19160.0;0.0;0.0;0.0;
29.700000000003282;0.0;0.0;0.0;0.0;0.0;0.0;0.0;0.0;0.0;0.0;0.0;0.0;0.0;0.0;0.0;0.0;0.0;0.0;0.0;0.0;0.0;0.0;0.0;0.0;19160.0;0.0;0.0;0.0;
29.800000000003298;0.0;0.0;0.0;0.0;0.0;0.0;0.0;0.0;0.0;0.0;0.0;0.0;0.0;0.0;0.0;0.0;0.0;0.0;0.0;0.0;0.0;0.0;0.0;0.0;19160.0;0.0;0.0;0.0;
29.900000000003313;0.0;0.0;0.0;0.0;0.0;0.0;0.0;0.0;0.0;0.0;0.0;0.0;0.0;0.0;0.0;0.0;0.0;0.0;0.0;0.0;0.0;0.0;0.0;0.0;19160.0;0.0;0.0;0.0;
30.00000000000333;0.0;0.0;0.0;0.0;0.0;0.0;0.0;0.0;0.0;0.0;0.0;0.0;0.0;0.0;0.0;0.0;0.0;0.0;0.0;0.0;0.0;0.0;0.0;0.0;19160.0;0.0;0.0;0.0;
30.100000000003345;0.0;0.0;0.0;0.0;0.0;0.0;0.0;0.0;0.0;0.0;0.0;0.0;0.0;0.0;0.0;0.0;0.0;0.0;0.0;0.0;0.0;0.0;0.0;0.0;19160.0;0.0;0.0;0.0;
30.20000000000336;0.0;0.0;0.0;0.0;0.0;0.0;0.0;0.0;0.0;0.0;0.0;0.0;0.0;0.0;0.0;0.0;0.0;0.0;0.0;0.0;0.0;0.0;0.0;0.0;19160.0;0.0;0.0;0.0;
30.300000000003376;0.0;0.0;0.0;0.0;0.0;0.0;0.0;0.0;0.0;0.0;0.0;0.0;0.0;0.0;0.0;0.0;0.0;0.0;0.0;0.0;0.0;0.0;0.0;0.0;19160.0;0.0;0.0;0.0;
30.40000000000339;0.0;0.0;0.0;0.0;0.0;0.0;0.0;0.0;0.0;0.0;0.0;0.0;0.0;0.0;0.0;0.0;0.0;0.0;0.0;0.0;0.0;0.0;0.0;0.0;19160.0;0.0;0.0;0.0;
30.500000000003407;0.0;0.0;0.0;0.0;0.0;0.0;0.0;0.0;0.0;0.0;0.0;0.0;0.0;0.0;0.0;0.0;0.0;0.0;0.0;0.0;0.0;0.0;0.0;0.0;19160.0;0.0;0.0;0.0;
30.600000000003423;0.0;0.0;0.0;0.0;0.0;0.0;0.0;0.0;0.0;0.0;0.0;0.0;0.0;0.0;0.0;0.0;0.0;0.0;0.0;0.0;0.0;0.0;0.0;0.0;19160.0;0.0;0.0;0.0;
30.70000000000344;0.0;0.0;0.0;0.0;0.0;0.0;0.0;0.0;0.0;0.0;0.0;0.0;0.0;0.0;0.0;0.0;0.0;0.0;0.0;0.0;0.0;0.0;0.0;0.0;19160.0;0.0;0.0;0.0;
30.800000000003454;0.0;0.0;0.0;0.0;0.0;0.0;0.0;0.0;0.0;0.0;0.0;0.0;0.0;0.0;0.0;0.0;0.0;0.0;0.0;0.0;0.0;0.0;0.0;0.0;19160.0;0.0;0.0;0.0;
30.90000000000347;0.0;0.0;0.0;0.0;0.0;0.0;0.0;0.0;0.0;0.0;0.0;0.0;0.0;0.0;0.0;0.0;0.0;0.0;0.0;0.0;0.0;0.0;0.0;0.0;19160.0;0.0;0.0;0.0;
31.000000000003485;0.0;0.0;0.0;0.0;0.0;0.0;0.0;0.0;0.0;0.0;0.0;0.0;0.0;0.0;0.0;0.0;0.0;0.0;0.0;0.0;0.0;0.0;0.0;0.0;19160.0;0.0;0.0;0.0;
31.1000000000035;0.0;0.0;0.0;0.0;0.0;0.0;0.0;0.0;0.0;0.0;0.0;0.0;0.0;0.0;0.0;0.0;0.0;0.0;0.0;0.0;0.0;0.0;0.0;0.0;19160.0;0.0;0.0;0.0;
31.200000000003516;0.0;0.0;0.0;0.0;0.0;0.0;0.0;0.0;0.0;0.0;0.0;0.0;0.0;0.0;0.0;0.0;0.0;0.0;0.0;0.0;0.0;0.0;0.0;0.0;19160.0;0.0;0.0;0.0;
31.300000000003532;0.0;0.0;0.0;0.0;0.0;0.0;0.0;0.0;0.0;0.0;0.0;0.0;0.0;0.0;0.0;0.0;0.0;0.0;0.0;0.0;0.0;0.0;0.0;0.0;19160.0;0.0;0.0;0.0;
31.400000000003548;0.0;0.0;0.0;0.0;0.0;0.0;0.0;0.0;0.0;0.0;0.0;0.0;0.0;0.0;0.0;0.0;0.0;0.0;0.0;0.0;0.0;0.0;0.0;0.0;19160.0;0.0;0.0;0.0;
31.500000000003563;0.0;0.0;0.0;0.0;0.0;0.0;0.0;0.0;0.0;0.0;0.0;0.0;0.0;0.0;0.0;0.0;0.0;0.0;0.0;0.0;0.0;0.0;0.0;0.0;19160.0;0.0;0.0;0.0;
31.60000000000358;0.0;0.0;0.0;0.0;0.0;0.0;0.0;0.0;0.0;0.0;0.0;0.0;0.0;0.0;0.0;0.0;0.0;0.0;0.0;0.0;0.0;0.0;0.0;0.0;19160.0;0.0;0.0;0.0;
31.700000000003595;0.0;0.0;0.0;0.0;0.0;0.0;0.0;0.0;0.0;0.0;0.0;0.0;0.0;0.0;0.0;0.0;0.0;0.0;0.0;0.0;0.0;0.0;0.0;0.0;19160.0;0.0;0.0;0.0;
31.80000000000361;0.0;0.0;0.0;0.0;0.0;0.0;0.0;0.0;0.0;0.0;0.0;0.0;0.0;0.0;0.0;0.0;0.0;0.0;0.0;0.0;0.0;0.0;0.0;0.0;19160.0;0.0;0.0;0.0;
31.900000000003626;0.0;0.0;0.0;0.0;0.0;0.0;0.0;0.0;0.0;0.0;0.0;0.0;0.0;0.0;0.0;0.0;0.0;0.0;0.0;0.0;0.0;0.0;0.0;0.0;19160.0;0.0;0.0;0.0;
32.00000000000364;0.0;0.0;0.0;0.0;0.0;0.0;0.0;0.0;0.0;0.0;0.0;0.0;0.0;0.0;0.0;0.0;0.0;0.0;0.0;0.0;0.0;0.0;0.0;0.0;19160.0;0.0;0.0;0.0;
32.10000000000355;0.0;0.0;0.0;0.0;0.0;0.0;0.0;0.0;0.0;0.0;0.0;0.0;0.0;0.0;0.0;0.0;0.0;0.0;0.0;0.0;0.0;0.0;0.0;0.0;19160.0;0.0;0.0;0.0;
32.200000000003456;0.0;0.0;0.0;0.0;0.0;0.0;0.0;0.0;0.0;0.0;0.0;0.0;0.0;0.0;0.0;0.0;0.0;0.0;0.0;0.0;0.0;0.0;0.0;0.0;19160.0;0.0;0.0;0.0;
32.300000000003365;0.0;0.0;0.0;0.0;0.0;0.0;0.0;0.0;0.0;0.0;0.0;0.0;0.0;0.0;0.0;0.0;0.0;0.0;0.0;0.0;0.0;0.0;0.0;0.0;19160.0;0.0;0.0;0.0;
32.400000000003274;0.0;0.0;0.0;0.0;0.0;0.0;0.0;0.0;0.0;0.0;0.0;0.0;0.0;0.0;0.0;0.0;0.0;0.0;0.0;0.0;0.0;0.0;0.0;0.0;19160.0;0.0;0.0;0.0;
32.50000000000318;0.0;0.0;0.0;0.0;0.0;0.0;0.0;0.0;0.0;0.0;0.0;0.0;0.0;0.0;0.0;0.0;0.0;0.0;0.0;0.0;0.0;0.0;0.0;0.0;19160.0;0.0;0.0;0.0;
32.60000000000309;0.0;0.0;0.0;0.0;0.0;0.0;0.0;0.0;0.0;0.0;0.0;0.0;0.0;0.0;0.0;0.0;0.0;0.0;0.0;0.0;0.0;0.0;0.0;0.0;19160.0;0.0;0.0;0.0;
32.700000000003;0.0;0.0;0.0;0.0;0.0;0.0;0.0;0.0;0.0;0.0;0.0;0.0;0.0;0.0;0.0;0.0;0.0;0.0;0.0;0.0;0.0;0.0;0.0;0.0;19160.0;0.0;0.0;0.0;
32.80000000000291;0.0;0.0;0.0;0.0;0.0;0.0;0.0;0.0;0.0;0.0;0.0;0.0;0.0;0.0;0.0;0.0;0.0;0.0;0.0;0.0;0.0;0.0;0.0;0.0;19160.0;0.0;0.0;0.0;
32.90000000000282;0.0;0.0;0.0;0.0;0.0;0.0;0.0;0.0;0.0;0.0;0.0;0.0;0.0;0.0;0.0;0.0;0.0;0.0;0.0;0.0;0.0;0.0;0.0;0.0;19160.0;0.0;0.0;0.0;
33.00000000000273;0.0;0.0;0.0;0.0;0.0;0.0;0.0;0.0;0.0;0.0;0.0;0.0;0.0;0.0;0.0;0.0;0.0;0.0;0.0;0.0;0.0;0.0;0.0;0.0;19160.0;0.0;0.0;0.0;
33.10000000000264;0.0;0.0;0.0;0.0;0.0;0.0;0.0;0.0;0.0;0.0;0.0;0.0;0.0;0.0;0.0;0.0;0.0;0.0;0.0;0.0;0.0;0.0;0.0;0.0;19160.0;0.0;0.0;0.0;
33.20000000000255;0.0;0.0;0.0;0.0;0.0;0.0;0.0;0.0;0.0;0.0;0.0;0.0;0.0;0.0;0.0;0.0;0.0;0.0;0.0;0.0;0.0;0.0;0.0;0.0;19160.0;0.0;0.0;0.0;
33.300000000002456;0.0;0.0;0.0;0.0;0.0;0.0;0.0;0.0;0.0;0.0;0.0;0.0;0.0;0.0;0.0;0.0;0.0;0.0;0.0;0.0;0.0;0.0;0.0;0.0;19160.0;0.0;0.0;0.0;
33.400000000002365;0.0;0.0;0.0;0.0;0.0;0.0;0.0;0.0;0.0;0.0;0.0;0.0;0.0;0.0;0.0;0.0;0.0;0.0;0.0;0.0;0.0;0.0;0.0;0.0;19160.0;0.0;0.0;0.0;
33.500000000002274;0.0;0.0;0.0;0.0;0.0;0.0;0.0;0.0;0.0;0.0;0.0;0.0;0.0;0.0;0.0;0.0;0.0;0.0;0.0;0.0;0.0;0.0;0.0;0.0;19160.0;0.0;0.0;0.0;
33.60000000000218;0.0;0.0;0.0;0.0;0.0;0.0;0.0;0.0;0.0;0.0;0.0;0.0;0.0;0.0;0.0;0.0;0.0;0.0;0.0;0.0;0.0;0.0;0.0;0.0;19160.0;0.0;0.0;0.0;
33.70000000000209;0.0;0.0;0.0;0.0;0.0;0.0;0.0;0.0;0.0;0.0;0.0;0.0;0.0;0.0;0.0;0.0;0.0;0.0;0.0;0.0;0.0;0.0;0.0;0.0;19160.0;0.0;0.0;0.0;
33.800000000002;0.0;0.0;0.0;0.0;0.0;0.0;0.0;0.0;0.0;0.0;0.0;0.0;0.0;0.0;0.0;0.0;0.0;0.0;0.0;0.0;0.0;0.0;0.0;0.0;19160.0;0.0;0.0;0.0;
33.90000000000191;0.0;0.0;0.0;0.0;0.0;0.0;0.0;0.0;0.0;0.0;0.0;0.0;0.0;0.0;0.0;0.0;0.0;0.0;0.0;0.0;0.0;0.0;0.0;0.0;19160.0;0.0;0.0;0.0;
34.00000000000182;0.0;0.0;0.0;0.0;0.0;0.0;0.0;0.0;0.0;0.0;0.0;0.0;0.0;0.0;0.0;0.0;0.0;0.0;0.0;0.0;0.0;0.0;0.0;0.0;19160.0;0.0;0.0;0.0;
34.10000000000173;0.0;0.0;0.0;0.0;0.0;0.0;0.0;0.0;0.0;0.0;0.0;0.0;0.0;0.0;0.0;0.0;0.0;0.0;0.0;0.0;0.0;0.0;0.0;0.0;19160.0;0.0;0.0;0.0;
34.20000000000164;0.0;0.0;0.0;0.0;0.0;0.0;0.0;0.0;0.0;0.0;0.0;0.0;0.0;0.0;0.0;0.0;0.0;0.0;0.0;0.0;0.0;0.0;0.0;0.0;19160.0;0.0;0.0;0.0;
34.300000000001546;0.0;0.0;0.0;0.0;0.0;0.0;0.0;0.0;0.0;0.0;0.0;0.0;0.0;0.0;0.0;0.0;0.0;0.0;0.0;0.0;0.0;0.0;0.0;0.0;19160.0;0.0;0.0;0.0;
34.400000000001455;0.0;0.0;0.0;0.0;0.0;0.0;0.0;0.0;0.0;0.0;0.0;0.0;0.0;0.0;0.0;0.0;0.0;0.0;0.0;0.0;0.0;0.0;0.0;0.0;19160.0;0.0;0.0;0.0;
34.500000000001364;0.0;0.0;0.0;0.0;0.0;0.0;0.0;0.0;0.0;0.0;0.0;0.0;0.0;0.0;0.0;0.0;0.0;0.0;0.0;0.0;0.0;0.0;0.0;0.0;19160.0;0.0;0.0;0.0;
34.60000000000127;0.0;0.0;0.0;0.0;0.0;0.0;0.0;0.0;0.0;0.0;0.0;0.0;0.0;0.0;0.0;0.0;0.0;0.0;0.0;0.0;0.0;0.0;0.0;0.0;19160.0;0.0;0.0;0.0;
34.70000000000118;0.0;0.0;0.0;0.0;0.0;0.0;0.0;0.0;0.0;0.0;0.0;0.0;0.0;0.0;0.0;0.0;0.0;0.0;0.0;0.0;0.0;0.0;0.0;0.0;19160.0;0.0;0.0;0.0;
34.80000000000109;0.0;0.0;0.0;0.0;0.0;0.0;0.0;0.0;0.0;0.0;0.0;0.0;0.0;0.0;0.0;0.0;0.0;0.0;0.0;0.0;0.0;0.0;0.0;0.0;19160.0;0.0;0.0;0.0;
34.900000000001;0.0;0.0;0.0;0.0;0.0;0.0;0.0;0.0;0.0;0.0;0.0;0.0;0.0;0.0;0.0;0.0;0.0;0.0;0.0;0.0;0.0;0.0;0.0;0.0;19160.0;0.0;0.0;0.0;
35.00000000000091;0.0;0.0;0.0;0.0;0.0;0.0;0.0;0.0;0.0;0.0;0.0;0.0;0.0;0.0;0.0;0.0;0.0;0.0;0.0;0.0;0.0;0.0;0.0;0.0;19160.0;0.0;0.0;0.0;
35.10000000000082;0.0;0.0;0.0;0.0;0.0;0.0;0.0;0.0;0.0;0.0;0.0;0.0;0.0;0.0;0.0;0.0;0.0;0.0;0.0;0.0;0.0;0.0;0.0;0.0;19160.0;0.0;0.0;0.0;
35.20000000000073;0.0;0.0;0.0;0.0;0.0;0.0;0.0;0.0;0.0;0.0;0.0;0.0;0.0;0.0;0.0;0.0;0.0;0.0;0.0;0.0;0.0;0.0;0.0;0.0;19160.0;0.0;0.0;0.0;
35.30000000000064;0.0;0.0;0.0;0.0;0.0;0.0;0.0;0.0;0.0;0.0;0.0;0.0;0.0;0.0;0.0;0.0;0.0;0.0;0.0;0.0;0.0;0.0;0.0;0.0;19160.0;0.0;0.0;0.0;
35.400000000000546;0.0;0.0;0.0;0.0;0.0;0.0;0.0;0.0;0.0;0.0;0.0;0.0;0.0;0.0;0.0;0.0;0.0;0.0;0.0;0.0;0.0;0.0;0.0;0.0;19160.0;0.0;0.0;0.0;
35.500000000000455;0.0;0.0;0.0;0.0;0.0;0.0;0.0;0.0;0.0;0.0;0.0;0.0;0.0;0.0;0.0;0.0;0.0;0.0;0.0;0.0;0.0;0.0;0.0;0.0;19160.0;0.0;0.0;0.0;
35.600000000000364;0.0;0.0;0.0;0.0;0.0;0.0;0.0;0.0;0.0;0.0;0.0;0.0;0.0;0.0;0.0;0.0;0.0;0.0;0.0;0.0;0.0;0.0;0.0;0.0;19160.0;0.0;0.0;0.0;
35.70000000000027;0.0;0.0;0.0;0.0;0.0;0.0;0.0;0.0;0.0;0.0;0.0;0.0;0.0;0.0;0.0;0.0;0.0;0.0;0.0;0.0;0.0;0.0;0.0;0.0;19160.0;0.0;0.0;0.0;
35.80333333333351;0.0;0.0;0.0;0.0;0.0;0.0;0.0;0.0;0.0;0.0;0.0;0.0;0.0;0.0;0.0;0.0;0.0;0.0;0.0;0.0;0.0;0.0;0.0;0.0;19160.0;0.0;0.0;0.0;
35.90333333333342;0.0;0.0;0.0;0.0;0.0;0.0;0.0;0.0;0.0;0.0;0.0;0.0;0.0;0.0;0.0;0.0;0.0;0.0;0.0;0.0;0.0;0.0;0.0;0.0;19160.0;0.0;0.0;0.0;
36.00333333333333;0.0;0.0;0.0;0.0;0.0;0.0;0.0;0.0;0.0;0.0;0.0;0.0;0.0;0.0;0.0;0.0;0.0;0.0;0.0;0.0;0.0;0.0;0.0;0.0;19160.0;0.0;0.0;0.0;
36.10333333333324;0.0;0.0;0.0;0.0;0.0;0.0;0.0;0.0;0.0;0.0;0.0;0.0;0.0;0.0;0.0;0.0;0.0;0.0;0.0;0.0;0.0;0.0;0.0;0.0;19160.0;0.0;0.0;0.0;
36.20333333333315;0.0;0.0;0.0;0.0;0.0;0.0;0.0;0.0;0.0;0.0;0.0;0.0;0.0;0.0;0.0;0.0;0.0;0.0;0.0;0.0;0.0;0.0;0.0;0.0;19160.0;0.0;0.0;0.0;
36.30333333333306;0.0;0.0;0.0;0.0;0.0;0.0;0.0;0.0;0.0;0.0;0.0;0.0;0.0;0.0;0.0;0.0;0.0;0.0;0.0;0.0;0.0;0.0;0.0;0.0;19160.0;0.0;0.0;0.0;
36.40333333333297;0.0;0.0;0.0;0.0;0.0;0.0;0.0;0.0;0.0;0.0;0.0;0.0;0.0;0.0;0.0;0.0;0.0;0.0;0.0;0.0;0.0;0.0;0.0;0.0;19160.0;0.0;0.0;0.0;
36.503333333332876;0.0;0.0;0.0;0.0;0.0;0.0;0.0;0.0;0.0;0.0;0.0;0.0;0.0;0.0;0.0;0.0;0.0;0.0;0.0;0.0;0.0;0.0;0.0;0.0;19160.0;0.0;0.0;0.0;
36.603333333332785;0.0;0.0;0.0;0.0;0.0;0.0;0.0;0.0;0.0;0.0;0.0;0.0;0.0;0.0;0.0;0.0;0.0;0.0;0.0;0.0;0.0;0.0;0.0;0.0;19160.0;0.0;0.0;0.0;
36.703333333332694;0.0;0.0;0.0;0.0;0.0;0.0;0.0;0.0;0.0;0.0;0.0;0.0;0.0;0.0;0.0;0.0;0.0;0.0;0.0;0.0;0.0;0.0;0.0;0.0;19160.0;0.0;0.0;0.0;
36.8033333333326;0.0;0.0;0.0;0.0;0.0;0.0;0.0;0.0;0.0;0.0;0.0;0.0;0.0;0.0;0.0;0.0;0.0;0.0;0.0;0.0;0.0;0.0;0.0;0.0;19160.0;0.0;0.0;0.0;
36.90333333333251;0.0;0.0;0.0;0.0;0.0;0.0;0.0;0.0;0.0;0.0;0.0;0.0;0.0;0.0;0.0;0.0;0.0;0.0;0.0;0.0;0.0;0.0;0.0;0.0;19160.0;0.0;0.0;0.0;
37.00333333333242;0.0;0.0;0.0;0.0;0.0;0.0;0.0;0.0;0.0;0.0;0.0;0.0;0.0;0.0;0.0;0.0;0.0;0.0;0.0;0.0;0.0;0.0;0.0;0.0;19160.0;0.0;0.0;0.0;
37.10333333333233;0.0;0.0;0.0;0.0;0.0;0.0;0.0;0.0;0.0;0.0;0.0;0.0;0.0;0.0;0.0;0.0;0.0;0.0;0.0;0.0;0.0;0.0;0.0;0.0;19160.0;0.0;0.0;0.0;
37.20333333333224;0.0;0.0;0.0;0.0;0.0;0.0;0.0;0.0;0.0;0.0;0.0;0.0;0.0;0.0;0.0;0.0;0.0;0.0;0.0;0.0;0.0;0.0;0.0;0.0;19160.0;0.0;0.0;0.0;
37.30333333333215;0.0;0.0;0.0;0.0;0.0;0.0;0.0;0.0;0.0;0.0;0.0;0.0;0.0;0.0;0.0;0.0;0.0;0.0;0.0;0.0;0.0;0.0;0.0;0.0;19160.0;0.0;0.0;0.0;
37.40333333333206;0.0;0.0;0.0;0.0;0.0;0.0;0.0;0.0;0.0;0.0;0.0;0.0;0.0;0.0;0.0;0.0;0.0;0.0;0.0;0.0;0.0;0.0;0.0;0.0;19160.0;0.0;0.0;0.0;
37.503333333331966;0.0;0.0;0.0;0.0;0.0;0.0;0.0;0.0;0.0;0.0;0.0;0.0;0.0;0.0;0.0;0.0;0.0;0.0;0.0;0.0;0.0;0.0;0.0;0.0;19160.0;0.0;0.0;0.0;
37.603333333331875;0.0;0.0;0.0;0.0;0.0;0.0;0.0;0.0;0.0;0.0;0.0;0.0;0.0;0.0;0.0;0.0;0.0;0.0;0.0;0.0;0.0;0.0;0.0;0.0;19160.0;0.0;0.0;0.0;
37.703333333331784;0.0;0.0;0.0;0.0;0.0;0.0;0.0;0.0;0.0;0.0;0.0;0.0;0.0;0.0;0.0;0.0;0.0;0.0;0.0;0.0;0.0;0.0;0.0;0.0;19160.0;0.0;0.0;0.0;
37.80333333333169;0.0;0.0;0.0;0.0;0.0;0.0;0.0;0.0;0.0;0.0;0.0;0.0;0.0;0.0;0.0;0.0;0.0;0.0;0.0;0.0;0.0;0.0;0.0;0.0;19160.0;0.0;0.0;0.0;
37.9033333333316;0.0;0.0;0.0;0.0;0.0;0.0;0.0;0.0;0.0;0.0;0.0;0.0;0.0;0.0;0.0;0.0;0.0;0.0;0.0;0.0;0.0;0.0;0.0;0.0;19160.0;0.0;0.0;0.0;
38.00333333333151;0.0;0.0;0.0;0.0;0.0;0.0;0.0;0.0;0.0;0.0;0.0;0.0;0.0;0.0;0.0;0.0;0.0;0.0;0.0;0.0;0.0;0.0;0.0;0.0;19160.0;0.0;0.0;0.0;
38.10333333333142;0.0;0.0;0.0;0.0;0.0;0.0;0.0;0.0;0.0;0.0;0.0;0.0;0.0;0.0;0.0;0.0;0.0;0.0;0.0;0.0;0.0;0.0;0.0;0.0;19160.0;0.0;0.0;0.0;
38.20333333333133;0.0;0.0;0.0;0.0;0.0;0.0;0.0;0.0;0.0;0.0;0.0;0.0;0.0;0.0;0.0;0.0;0.0;0.0;0.0;0.0;0.0;0.0;0.0;0.0;19160.0;0.0;0.0;0.0;
38.30333333333124;0.0;0.0;0.0;0.0;0.0;0.0;0.0;0.0;0.0;0.0;0.0;0.0;0.0;0.0;0.0;0.0;0.0;0.0;0.0;0.0;0.0;0.0;0.0;0.0;19160.0;0.0;0.0;0.0;
38.40333333333115;0.0;0.0;0.0;0.0;0.0;0.0;0.0;0.0;0.0;0.0;0.0;0.0;0.0;0.0;0.0;0.0;0.0;0.0;0.0;0.0;0.0;0.0;0.0;0.0;19160.0;0.0;0.0;0.0;
38.50333333333106;0.0;0.0;0.0;0.0;0.0;0.0;0.0;0.0;0.0;0.0;0.0;0.0;0.0;0.0;0.0;0.0;0.0;0.0;0.0;0.0;0.0;0.0;0.0;0.0;19160.0;0.0;0.0;0.0;
38.603333333330966;0.0;0.0;0.0;0.0;0.0;0.0;0.0;0.0;0.0;0.0;0.0;0.0;0.0;0.0;0.0;0.0;0.0;0.0;0.0;0.0;0.0;0.0;0.0;0.0;19160.0;0.0;0.0;0.0;
38.703333333330875;0.0;0.0;0.0;0.0;0.0;0.0;0.0;0.0;0.0;0.0;0.0;0.0;0.0;0.0;0.0;0.0;0.0;0.0;0.0;0.0;0.0;0.0;0.0;0.0;19160.0;0.0;0.0;0.0;
38.803333333330784;0.0;0.0;0.0;0.0;0.0;0.0;0.0;0.0;0.0;0.0;0.0;0.0;0.0;0.0;0.0;0.0;0.0;0.0;0.0;0.0;0.0;0.0;0.0;0.0;19160.0;0.0;0.0;0.0;
38.90333333333069;0.0;0.0;0.0;0.0;0.0;0.0;0.0;0.0;0.0;0.0;0.0;0.0;0.0;0.0;0.0;0.0;0.0;0.0;0.0;0.0;0.0;0.0;0.0;0.0;19160.0;0.0;0.0;0.0;
39.0033333333306;0.0;0.0;0.0;0.0;0.0;0.0;0.0;0.0;0.0;0.0;0.0;0.0;0.0;0.0;0.0;0.0;0.0;0.0;0.0;0.0;0.0;0.0;0.0;0.0;19160.0;0.0;0.0;0.0;
39.10333333333051;0.0;0.0;0.0;0.0;0.0;0.0;0.0;0.0;0.0;0.0;0.0;0.0;0.0;0.0;0.0;0.0;0.0;0.0;0.0;0.0;0.0;0.0;0.0;0.0;19160.0;0.0;0.0;0.0;
39.20333333333042;0.0;0.0;0.0;0.0;0.0;0.0;0.0;0.0;0.0;0.0;0.0;0.0;0.0;0.0;0.0;0.0;0.0;0.0;0.0;0.0;0.0;0.0;0.0;0.0;19160.0;0.0;0.0;0.0;
39.30333333333033;0.0;0.0;0.0;0.0;0.0;0.0;0.0;0.0;0.0;0.0;0.0;0.0;0.0;0.0;0.0;0.0;0.0;0.0;0.0;0.0;0.0;0.0;0.0;0.0;19160.0;0.0;0.0;0.0;
39.40333333333024;0.0;0.0;0.0;0.0;0.0;0.0;0.0;0.0;0.0;0.0;0.0;0.0;0.0;0.0;0.0;0.0;0.0;0.0;0.0;0.0;0.0;0.0;0.0;0.0;19160.0;0.0;0.0;0.0;
39.50333333333015;0.0;0.0;0.0;0.0;0.0;0.0;0.0;0.0;0.0;0.0;0.0;0.0;0.0;0.0;0.0;0.0;0.0;0.0;0.0;0.0;0.0;0.0;0.0;0.0;19160.0;0.0;0.0;0.0;
39.603333333330056;0.0;0.0;0.0;0.0;0.0;0.0;0.0;0.0;0.0;0.0;0.0;0.0;0.0;0.0;0.0;0.0;0.0;0.0;0.0;0.0;0.0;0.0;0.0;0.0;19160.0;0.0;0.0;0.0;
39.703333333329965;0.0;0.0;0.0;0.0;0.0;0.0;0.0;0.0;0.0;0.0;0.0;0.0;0.0;0.0;0.0;0.0;0.0;0.0;0.0;0.0;0.0;0.0;0.0;0.0;19160.0;0.0;0.0;0.0;
39.803333333329874;0.0;0.0;0.0;0.0;0.0;0.0;0.0;0.0;0.0;0.0;0.0;0.0;0.0;0.0;0.0;0.0;0.0;0.0;0.0;0.0;0.0;0.0;0.0;0.0;19160.0;0.0;0.0;0.0;
39.90333333332978;0.0;0.0;0.0;0.0;0.0;0.0;0.0;0.0;0.0;0.0;0.0;0.0;0.0;0.0;0.0;0.0;0.0;0.0;0.0;0.0;0.0;0.0;0.0;0.0;19160.0;0.0;0.0;0.0;
40.00333333332969;0.0;0.0;0.0;0.0;0.0;0.0;0.0;0.0;0.0;0.0;0.0;0.0;0.0;0.0;0.0;0.0;0.0;0.0;0.0;0.0;0.0;0.0;0.0;0.0;19160.0;0.0;0.0;0.0;
40.1033333333296;0.0;0.0;0.0;0.0;0.0;0.0;0.0;0.0;0.0;0.0;0.0;0.0;0.0;0.0;0.0;0.0;0.0;0.0;0.0;0.0;0.0;0.0;0.0;0.0;19160.0;0.0;0.0;0.0;
40.20333333332951;0.0;0.0;0.0;0.0;0.0;0.0;0.0;0.0;0.0;0.0;0.0;0.0;0.0;0.0;0.0;0.0;0.0;0.0;0.0;0.0;0.0;0.0;0.0;0.0;19160.0;0.0;0.0;0.0;
40.30333333332942;0.0;0.0;0.0;0.0;0.0;0.0;0.0;0.0;0.0;0.0;0.0;0.0;0.0;0.0;0.0;0.0;0.0;0.0;0.0;0.0;0.0;0.0;0.0;0.0;19160.0;0.0;0.0;0.0;
40.40333333332933;0.0;0.0;0.0;0.0;0.0;0.0;0.0;0.0;0.0;0.0;0.0;0.0;0.0;0.0;0.0;0.0;0.0;0.0;0.0;0.0;0.0;0.0;0.0;0.0;19160.0;0.0;0.0;0.0;
40.50333333332924;0.0;0.0;0.0;0.0;0.0;0.0;0.0;0.0;0.0;0.0;0.0;0.0;0.0;0.0;0.0;0.0;0.0;0.0;0.0;0.0;0.0;0.0;0.0;0.0;19160.0;0.0;0.0;0.0;
40.60333333332915;0.0;0.0;0.0;0.0;0.0;0.0;0.0;0.0;0.0;0.0;0.0;0.0;0.0;0.0;0.0;0.0;0.0;0.0;0.0;0.0;0.0;0.0;0.0;0.0;19160.0;0.0;0.0;0.0;
40.703333333329056;0.0;0.0;0.0;0.0;0.0;0.0;0.0;0.0;0.0;0.0;0.0;0.0;0.0;0.0;0.0;0.0;0.0;0.0;0.0;0.0;0.0;0.0;0.0;0.0;19160.0;0.0;0.0;0.0;
40.803333333328965;0.0;0.0;0.0;0.0;0.0;0.0;0.0;0.0;0.0;0.0;0.0;0.0;0.0;0.0;0.0;0.0;0.0;0.0;0.0;0.0;0.0;0.0;0.0;0.0;19160.0;0.0;0.0;0.0;
40.903333333328874;0.0;0.0;0.0;0.0;0.0;0.0;0.0;0.0;0.0;0.0;0.0;0.0;0.0;0.0;0.0;0.0;0.0;0.0;0.0;0.0;0.0;0.0;0.0;0.0;19160.0;0.0;0.0;0.0;
41.00333333332878;0.0;0.0;0.0;0.0;0.0;0.0;0.0;0.0;0.0;0.0;0.0;0.0;0.0;0.0;0.0;0.0;0.0;0.0;0.0;0.0;0.0;0.0;0.0;0.0;19160.0;0.0;0.0;0.0;
41.10333333332869;0.0;0.0;0.0;0.0;0.0;0.0;0.0;0.0;0.0;0.0;0.0;0.0;0.0;0.0;0.0;0.0;0.0;0.0;0.0;0.0;0.0;0.0;0.0;0.0;19160.0;0.0;0.0;0.0;
41.2033333333286;0.0;0.0;0.0;0.0;0.0;0.0;0.0;0.0;0.0;0.0;0.0;0.0;0.0;0.0;0.0;0.0;0.0;0.0;0.0;0.0;0.0;0.0;0.0;0.0;19160.0;0.0;0.0;0.0;
